Team #,Match #,Scouter Initials,Team Number,Match Number,Robot,Starting Location,No Show,Taxied?,Upper Cargo Scored,Upper Cargo Missed,Lower Cargo Scored,Upper Cargo Scored,Lower Cargo Scored,Defended?,Climb,Started Climb With Time Remaining,Played Defense for Match %,Defense Rating,Disabled for Match %,Comments,,,,,,,,,,,,
8726,1,,,,,,,,,,,,,,,,,,,,,,,,,,,,,,,
836,1,Ed,836,1,r1,undefined,FALSE,TRUE,2,0,0,10,0,FALSE,3,22,0,x,0,Full size robot. Shot well. High climb night be limit.,,,,,,,,,,,,
2363,1,CM,2363,1,r3,undefined,FALSE,TRUE,5,0,0,15,0,FALSE,2,null,,x,0,undefined,,,,,,,,,,,,
4638,1,elp,4638,1,b1,undefined,FALSE,TRUE,1,0,0,1,0,FALSE,3,5,0,x,0,rough start for scouting,,,,,,,,,,,,
8230,1,,,,,,,,,,,,,,,,,,,,,,,,,,,,,,,
3748,1,DD,3748,1,b3,undefined,FALSE,TRUE,0,0,0,0,9,FALSE,2,10,0,x,0,"Can only shoot low, doesn't even shoot accurately",,,,,,,,,,,,
623,2,Ed,623,2,r1,undefined,FALSE,TRUE,1,1,0,5,0,TRUE,4,35,0,x,0,,,,,,,,,,,,,
4821,2,AC,4821,2,r2,undefined,FALSE,TRUE,2,0,0,7,0,FALSE,x,null,0,x,15,undefined,,,,,,,,,,,,
5587,2,DD,5587,2,r3,middle,FALSE,TRUE,3,0,0,10,0,FALSE,f,15,1,n,0,"Very aggressive, shot 3 balls in one go for auto, wicked shooter",,,,,,,,,,,,
6194,2,IB,6194,2,b1,right,FALSE,TRUE,0,0,4,3,5,FALSE,2,,0,x,0,"I’m new to this, info may be inaccurate",,,,,,,,,,,,
686,2,,,,,,,,,,,,,,,,,,,,,,,,,,,,,,,
1610,2,Cm,1610,2,b3,undefined,FALSE,TRUE,1,0,0,3,10,FALSE,2,25,0,x,0,undefined,,,,,,,,,,,,
3939,3,Ed,3939,3,r1,undefined,FALSE,TRUE,2,0,0,7,0,FALSE,f,30,0,x,0,Only shoots from hub.slow intake,,,,,,,,,,,,
1719,3,AC,1719,3,r2,undefined,FALSE,TRUE,0,0,0,0,0,FALSE,x,null,0,x,0,Squib shots and bounce outs as well as missing high goals,,,,,,,,,,,,
2068,3,IB,2068,3,r3,undefined,FALSE,TRUE,3,0,0,3,0,FALSE,2,,0,x,0,undefined,,,,,,,,,,,,
1908,3,DD,1908,3,b1,undefined,FALSE,TRUE,2,0,0,6,2,FALSE,2,3,0,x,0,Not as good as last competition,,,,,,,,,,,,
4099,3,elp,4099,3,b2,right,FALSE,FALSE,3,0,0,8,0,FALSE,4,null,0,x,0,"mobile, good auto",,,,,,,,,,,,
2186,3,Cm,2186,3,b3,middle,FALSE,TRUE,0,0,0,0,0,FALSE,x,,0,x,90,Looked like thier drive train wasn't working the best,,,,,,,,,,,,
2377,4,Ed,2377,4,r1,undefined,FALSE,TRUE,2,0,0,6,0,FALSE,x,null,0,x,0,Was stuck for 20 seconds. Slow intake accurate shooter,,,,,,,,,,,,
2199,4,NS,2199,4,r2,right,FALSE,TRUE,0,0,0,0,0,FALSE,3,30,0,x,0,Seemed to have difficulty indexing/in taking. Attempted one shot in the high goal that bounced out and didn't score.,,,,,,,,,,,,
7770,4,IB,7770,4,r3,middle,FALSE,FALSE,1,0,0,0,1,FALSE,2,,10,a,0,undefined,,,,,,,,,,,,
5338,4,DD,5338,4,b1,right,FALSE,TRUE,0,0,2,0,9,TRUE,f,5,2,a,0,"Very weak shots, only shot low shots",,,,,,,,,,,,
4472,4,elp,4472,4,b2,middle,FALSE,FALSE,2,0,0,6,0,TRUE,3,null,20,a,0,had a period of stand still,,,,,,,,,,,,
614,4,Cm,614,4,b3,left,FALSE,TRUE,2,0,0,0,6,FALSE,x,20,0,a,,Bot seems very top heavy,,,,,,,,,,,,
5804,5,Ed,5804,5,r1,middle,FALSE,TRUE,1,1,0,4,0,FALSE,4,null,0,x,0,Missed half it's shots.good climb in 22 second,,,,,,,,,,,,
6802,5,Bw,6802,5,r2,undefined,FALSE,TRUE,1,1,0,0,4,FALSE,f,25,0,x,0,"Intake got screwed up, top heavy failed climb Bc another swinging robot",,,,,,,,,,,,
8622,5,IB,8622,5,r3,right,FALSE,TRUE,1,0,0,1,0,FALSE,x,null,75,a,0,undefined,,,,,,,,,,,,
5724,5,DD,5724,5,b1,undefined,FALSE,TRUE,2,0,0,6,0,TRUE,2,5,0,x,0,ACCURATE especially with long shots (not so great under pressure),,,,,,,,,,,,
1086,5,elp,1086,5,b2,middle,FALSE,TRUE,0,0,0,5,0,TRUE,2,null,0,x,10,vomit command dysfunctional,,,,,,,,,,,,
401,5,Cm,401,5,b3,right,FALSE,TRUE,3,0,0,7,0,FALSE,4,37,0,x,,,,,,,,,,,,,,
6326,6,Ed,6326,6,r1,middle,FALSE,TRUE,1,0,0,7,0,FALSE,x,null,0,x,0,undefined,,,,,,,,,,,,
1731,6,AC,1731,6,r2,right,FALSE,TRUE,3,0,0,7,0,FALSE,4,40,0,x,0,Fast shooter & sturdy climb,,,,,,,,,,,,
5549,6,IB,5549,6,r3,left,FALSE,TRUE,0,1,0,7,0,FALSE,2,,,x,0,undefined,,,,,,,,,,,,
1123,6,DD,1123,6,b1,middle,FALSE,TRUE,0,0,0,0,12,FALSE,1,null,0,x,0,"Slow, only shoots low goals",,,,,,,,,,,,
4242,6,elp,4242,6,b2,undefined,FALSE,TRUE,0,0,0,0,3,FALSE,3,null,10,a,0,got stuck with red cargo,,,,,,,,,,,,
8592,6,Cm,8592,6,b3,right,FALSE,TRUE,1,1,1,8,0,FALSE,f,15,0,x,,,,,,,,,,,,,,
7429,7,Ed,7429,7,r1,right,FALSE,TRUE,2,0,0,7,0,FALSE,2,22,0,x,0,undefined,,,,,,,,,,,,
422,7,Bw,422,7,r1,middle,FALSE,TRUE,2,0,0,9,0,FALSE,4,35,0,x,0,"Solid gameplay, pushed around a bit by stags",,,,,,,,,,,,
1885,7,IB,1885,7,r3,left,FALSE,TRUE,1,0,0,8,0,FALSE,x,null,0,x,0,undefined,,,,,,,,,,,,
1262,7,DD,1262,7,b1,right,FALSE,TRUE,0,0,0,2,3,TRUE,x,null,0,x,0,"Cannot shoot very well, missed every high shot but 2",,,,,,,,,,,,
1895,7,elp,1895,7,b2,undefined,FALSE,TRUE,0,0,0,7,0,FALSE,2,null,0,x,0,missed cargo in auto,,,,,,,,,,,,
4286,7,Cm,4286,7,b3,middle,FALSE,TRUE,0,0,1,0,6,FALSE,2,30,0,x,,Top heavy,,,,,,,,,,,,
1111,8,Ed,1111,8,r1,right,FALSE,TRUE,0,0,0,17,0,FALSE,1,,0,x,0,Attempte low climb too late,,,,,,,,,,,,
1629,8,NS,1629,8,r2,middle,FALSE,TRUE,1,0,0,8,1,FALSE,3,null,0,x,0,Shoots consistently but only when its flushed against the hub,,,,,,,,,,,,
620,8,TR,620,8,r3,undefined,FALSE,FALSE,1,0,0,1,0,FALSE,4,40,10,n,0,Shooter was consistently short. Many shots missed,,,,,,,,,,,,
116,8, ,,,,,,,,,,,,,,,,,,,,,,,,,,,,,,
122,8,elp,122,8,b1,middle,FALSE,TRUE,1,0,0,9,0,FALSE,x,null,0,x,0,"not super accurate shooting, balls get pushed away by chassis",,,,,,,,,,,,
449,8,Cm,449,8,b3,left,FALSE,FALSE,0,0,2,6,0,FALSE,2,30,0,x,,EXTREMELY unstable almost tipped going over cable covers,,,,,,,,,,,,
6504,9,Ed,6504,9,r1,middle,FALSE,TRUE,0,0,1,0,3,FALSE,f,10,60,a,0,Attempte mid climb too late,,,,,,,,,,,,
1727,9,NS,1727,9,r2,right,FALSE,FALSE,0,2,0,0,0,FALSE,4,38,15,n,0,Didn’t make any shots,,,,,,,,,,,,
1599,9,TR,1599,9,r3,undefined,FALSE,FALSE,0,0,0,5,0,TRUE,1,32,0,x,0,"Shooter was pretty accurate, climbing was inefficient.",,,,,,,,,,,,
888,9,DD,888,9,b1,middle,FALSE,TRUE,0,1,0,7,0,TRUE,3,10,75,x,0,Wonderful defense and shooting,,,,,,,,,,,,
4541,9,elp,4541,9,b2,undefined,FALSE,TRUE,0,0,0,1,0,FALSE,f,20,10,a,0,attempted traversal and fell,,,,,,,,,,,,
612,9,Cm,612,9,b3,right,FALSE,TRUE,0,0,1,0,2,FALSE,4,60,0,x,,,,,,,,,,,,,,
3136,10,Ed,3136,10,r1,left,FALSE,TRUE,2,0,0,8,2,FALSE,2,null,,x,0,,,,,,,,,,,,,
2421,10,BN,2421,10,r2,right,FALSE,TRUE,0,0,0,0,0,FALSE,4,0,80,a,0,"Not strong in shooting, very strong in climbing",,,,,,,,,,,,
3274,10,TR,3274,10,r3,middle,FALSE,FALSE,0,0,1,0,0,FALSE,2,24,100,a,0,"Heavy on defense, but defense was effective.",,,,,,,,,,,,
2537,10,DD,2537,10,b1,middle,FALSE,TRUE,0,0,0,3,0,TRUE,2,15,0,x,0,Lots of overshooting,,,,,,,,,,,,
2914,10,elp,2914,10,b2,undefined,FALSE,TRUE,2,0,0,3,0,FALSE,2,null,0,x,0,steady and reliable,,,,,,,,,,,,
384,10,Cm,384,10,b3,right,FALSE,TRUE,3,0,0,4,0,FALSE,x,20,0,x,0,Robot was under heavy defense,,,,,,,,,,,,
1719,11,,,,,,,,,,,,,,,,,,,,,,,,,,,,,,,
4821,11,BN,4821,11,r2,undefined,FALSE,TRUE,1,1,0,1,3,FALSE,2,null,0,x,0,Not particularly strong in any area,,,,,,,,,,,,
686,11,TR,686,11,r3,right,FALSE,FALSE,0,3,0,0,7,FALSE,4,40,10,a,0,"Really effective feeding mechanism, but almost tipped over. No shots made for high basket.",,,,,,,,,,,,
836,11,DD,836,11,b1,right,FALSE,TRUE,1,0,0,5,1,FALSE,3,15,10,a,0,Not very accurate,,,,,,,,,,,,
4638,11,elp,4638,11,b2,middle,FALSE,TRUE,1,0,0,6,0,TRUE,3,null,0,x,0,"attempted traversal, arms could not reach. slow shooter",,,,,,,,,,,,
2377,11,Cm,2377,11,b3,left,FALSE,FALSE,2,0,0,9,0,FALSE,f,10,0,x,0,,,,,,,,,,,,,
1086,12,HS,1086,12,r1,middle,FALSE,TRUE,1,1,0,0,0,FALSE,2,30,90,v,0,"Shooter didn't work, very good driver",,,,,,,,,,,,
2068,12,BN,2068,12,r2,undefined,FALSE,TRUE,2,0,0,6,0,FALSE,2,null,0,x,0,Fairly good at shooting,,,,,,,,,,,,
8230,12,TR,8230,12,r3,right,FALSE,FALSE,0,0,0,3,0,FALSE,1,10,0,x,0,"Feeder ineffective, did not attempt to climb until last second",,,,,,,,,,,,
2199,12,DD,2199,12,b1,middle,FALSE,TRUE,1,0,0,1,0,FALSE,x,null,0,x,0,"Fell over, maybe too topheavy? The match was war.",,,,,,,,,,,,
401,12,elp,401,12,b2,right,FALSE,TRUE,3,0,0,6,0,TRUE,x,null,0,x,0,"missed high and hung on by one hook transversal, very heavily defended",,,,,,,,,,,,
623,12,Cm,623,12,b3,left,FALSE,TRUE,2,0,0,4,0,FALSE,4,35,0,x,0,Robot had a part fall off,,,,,,,,,,,,
2186,13,ATH,2186,13,r1,right,FALSE,TRUE,1,0,0,1,0,FALSE,x,5,0,x,0,Not that good accuracy,,,,,,,,,,,,
5549,13,BN,5549,13,r2,undefined,FALSE,TRUE,0,1,0,1,0,FALSE,2,null,0,x,0,"Weak at shooting, average at climbing",,,,,,,,,,,,
8592,13,TR,8592,13,r3,middle,FALSE,TRUE,2,0,0,4,0,TRUE,2,null,0,x,0,Robot a bit unstable,,,,,,,,,,,,
5804,13,DD,5804,13,b1,middle,FALSE,FALSE,0,0,0,7,1,TRUE,f,null,0,x,0,Fell twice on the climb,,,,,,,,,,,,
5587,13,elp,5587,13,b2,right,FALSE,TRUE,3,0,0,8,0,TRUE,x,null,0,x,10,"intake broke, failed climb twice and fell devastating",,,,,,,,,,,,
6194,13,Cm,6194,13,b3,left,FALSE,TRUE,0,0,0,0,2,FALSE,f,30,50,v,0,Top heavy,,,,,,,,,,,,
6802,14,HS,6802,14,r1,right,FALSE,TRUE,1,0,0,6,0,FALSE,2,10,0,x,0,"Slow shooter, fast intake, tank drive",,,,,,,,,,,,
3939,14,BN,3939,14,r2,middle,FALSE,FALSE,1,0,0,5,0,FALSE,2,null,0,x,0,"Fairly good at shooting, average at climb",,,,,,,,,,,,
1610,14,TR,1610,14,r3,left,FALSE,TRUE,1,0,1,7,1,TRUE,2,null,15,a,0,"Shooting pretty accurate, driver seemed uncomfident.",,,,,,,,,,,,
1885,14,DD,1885,14,b1,undefined,FALSE,TRUE,2,0,0,10,0,FALSE,4,30,0,x,0,"Accurate, nice intake, climb is wonderful",,,,,,,,,,,,
8622,14,elp,8622,14,b2,right,FALSE,TRUE,1,0,0,6,0,FALSE,f,null,0,x,0,bad communication was block at ground at low rung,,,,,,,,,,,,
8726,14,Cm,8726,14,b3,middle,FALSE,TRUE,1,0,0,9,0,FALSE,f,15,,x,0,,,,,,,,,,,,,
6326,15,ATH,6326,15,r1,left,FALSE,TRUE,1,0,0,5,0,TRUE,x,,0,x,0,Decent accuracy,,,,,,,,,,,,
4472,15,BN,4472,15,r2,middle,FALSE,TRUE,0,2,0,1,0,FALSE,3,null,0,x,0,"Good at shooting when it did shoot,  spent most of teleop spinning around looking for cargo though. Good at climbing",,,,,,,,,,,,
3748,15,TR,3748,15,r3,right,FALSE,FALSE,0,0,0,0,5,TRUE,f,20,10,x,0,Robot seemed unsure of where to go. Driver unfomdifent. No attempt at high basket,,,,,,,,,,,,
1111,15,DD,1111,15,b1,right,FALSE,TRUE,1,0,0,9,0,FALSE,f,null,0,x,0,"Not bad shooting, but slow climb",,,,,,,,,,,,
1731,15,elp,1731,15,b2,undefined,FALSE,TRUE,0,1,0,6,0,FALSE,4,null,0,x,0,seemed generally unstable and a lot of cargo hit inside edge of goal and bounced out,,,,,,,,,,,,
1262,15,Cm,1262,15,b3,middle,FALSE,FALSE,1,0,0,0,0,FALSE,f,82,,x,90,,,,,,,,,,,,,
4242,16,HS,4242,16,r1,undefined,FALSE,TRUE,2,0,0,3,2,FALSE,2,10,0,x,0,Inefficient,,,,,,,,,,,,
612,16,BN,612,16,r2,middle,FALSE,TRUE,0,0,0,0,0,FALSE,x,null,90,a,0,Has claw arm instead of shooter so can only get cargo in low goal. Something happened to arm so they played defense for whole match,,,,,,,,,,,,
4099,16,TR,4099,16,r3,right,FALSE,TRUE,3,0,0,8,0,FALSE,4,30,0,x,0,Shooter incredibly accurate. Climbing very fast. Did not miss a single shot during teleop.,,,,,,,,,,,,
614,16,DD,614,16,b1,middle,FALSE,TRUE,0,0,0,6,0,FALSE,3,9,0,x,0,Just stopped for a while for some reason,,,,,,,,,,,,
888,16,elp,888,16,r1,undefined,FALSE,FALSE,0,0,0,5,0,FALSE,4,35,0,x,0,"generally alright, could be more accurate shooting",,,,,,,,,,,,
2363,16,Cm,2363,16,b3,right,FALSE,TRUE,4,0,0,12,0,FALSE,2,15,0,x,,undefined,,,,,,,,,,,,
4286,17,HS,4286,17,r1,middle,FALSE,TRUE,0,0,1,0,1,FALSE,x,null,20,n,0,"Bad intake, timid driving",,,,,,,,,,,,
384,17,BN,384,17,r2,right,FALSE,TRUE,0,3,0,8,0,TRUE,2,null,0,x,0,Overshot first few cargo but rather than that strong at shooting. We're defended some during Teleop,,,,,,,,,,,,
1599,17,TR,1599,17,r3,left,FALSE,TRUE,1,0,1,2,2,FALSE,f,null,0,x,0,Shooting not very accurate. Robot Aetna not strong enough to hang.,,,,,,,,,,,,
2537,17,DD,2537,17,b1,undefined,FALSE,TRUE,0,1,0,6,0,TRUE,2,15,0,x,0,"Slow intake, but much better than last match",,,,,,,,,,,,
1629,17,elp,1629,17,b2,right,FALSE,FALSE,1,0,0,3,0,FALSE,4,null,0,x,0,taxied but came back? bumper drag slowed it down a little,,,,,,,,,,,,
122,17,Cm,122,17,b3,middle,FALSE,FALSE,2,1,0,0,0,FALSE,f,15,50,a,,Intake or ball tower broke making it switch to defense,,,,,,,,,,,,
1895,18,OT,1895,18,r1,middle,FALSE,TRUE,1,1,0,7,0,FALSE,2,25,0,x,0,"Relatively fast movement, Competent driving, Had an efficient shooter and intake.",,,,,,,,,,,,
5724,18,,,,,,,,,,,,,,,,,,,,,,,,,,,,,,,
7429,18,TR,7429,18,r3,middle,FALSE,TRUE,1,0,0,5,0,FALSE,3,35,0,x,0,Driver seemed to have good control over bot.,2,0,0,13,0,FALSE,1,null,0,x,0,Strong at shooting
449,18,DD,449,18,r1,right,FALSE,TRUE,2,0,0,6,0,FALSE,4,30,0,x,0,"Awesome climb, very accurate",2,0,0,6,0,FALSE,4,30,0,x,0,"Awesome climb, very accurate"
1908,18,elp,1908,18,b2,undefined,FALSE,TRUE,3,0,0,7,0,FALSE,2,null,0,x,20,was caught on low hang bar,,,,,,,,,,,,
3136,18,Cm,3136,18,b3,middle,FALSE,TRUE,1,0,0,9,0,FALSE,2,20,,x,,,,,,,,,,,,,,
116,19,HS,116,19,r1,middle,FALSE,TRUE,1,0,0,4,0,FALSE,4,30,0,x,0,"Had to restart robot code, inaccurate but efficient, takes a while to aim",,,,,,,,,,,,
4541,19,BN,4541,19,r2,undefined,FALSE,TRUE,1,1,0,2,0,FALSE,4,null,0,x,0,Strong at climbing,,,,,,,,,,,,
1727,19,TR,1727,19,r3,right,FALSE,TRUE,0,0,0,1,0,FALSE,x,,0,x,25,Robot stopped responding with 30 seconds left.,,,,,,,,,,,,
7770,19,DD,7770,19,b1,right,FALSE,FALSE,0,0,1,0,4,FALSE,4,35,0,x,0,undefined,,,,,,,,,,,,
5338,19,elp,5338,19,r1,undefined,FALSE,FALSE,0,0,1,0,9,FALSE,x,null,0,x,0,seemed generally unstable and about to tip over,,,,,,,,,,,,
2421,19,Cm,2421,19,b3,middle,FALSE,TRUE,1,1,0,2,0,FALSE,4,25,,x,,Missed ALOT OF SHOTS,,,,,,,,,,,,
620,20,OT,620,20,r1,right,FALSE,TRUE,1,0,0,3,0,FALSE,4,16,0,x,0,"Turret seemed uncalibrated, bumpy driving",,,,,,,,,,,,
6504,20,BN,6504,20,r2,undefined,FALSE,FALSE,0,0,0,0,9,FALSE,2,null,0,x,0,Had intake/arm and focused on scoring in lower goal,,,,,,,,,,,,
1123,20,TR,1123,20,r3,middle,FALSE,TRUE,0,0,2,0,5,TRUE,1,10,0,x,,Was defended for a large portion of match.,,,,,,,,,,,,
422,20,DD,422,20,b1,middle,FALSE,TRUE,2,0,0,2,1,FALSE,4,30,0,x,0,"Fast climb, not many shots",,,,,,,,,,,,
3274,20,wlp,3274,20,b2,undefined,FALSE,TRUE,0,0,1,0,0,FALSE,2,null,30,v,0,slammed into robots about to shoot very good timing,,,,,,,,,,,,
2914,20,Cm,2914,20,b3,right,FALSE,TRUE,1,0,0,3,0,FALSE,1,15,0,x,0,,,,,,,,,,,,,
8230,21,HS,8230,21,r1,right,FALSE,TRUE,0,0,1,6,0,FALSE,x,null,0,x,0,"Slow driving, balls kept bouncing out",,,,,,,,,,,,
6802,21,BN,6802,21,r2,middle,FALSE,TRUE,1,0,0,6,0,FALSE,x,null,0,x,0,"Fairly good at shooting, did not even attempt climb",,,,,,,,,,,,
1885,21,TR,1885,21,r3,left,FALSE,TRUE,1,0,0,5,0,TRUE,4,30,0,x,0,"Robot got cornered for a bit, amazing climbing mechanism.",,,,,,,,,,,,
2068,21,DD,2068,21,b1,undefined,FALSE,TRUE,1,0,0,4,0,FALSE,x,null,0,x,0,Low accuracy,,,,,,,,,,,,
5587,21,elp,5587,21,b2,right,FALSE,TRUE,1,1,0,3,0,FALSE,4,null,0,x,0,"went from mid to transversal, never hooked to high, very fast climb",,,,,,,,,,,,
5549,21,Cm,5549,21,b3,middle,FALSE,TRUE,1,0,0,0,0,TRUE,2,30,55,x,0,Bot broke??,,,,,,,,,,,,
1719,22,OT,1719,22,r1,middle,FALSE,TRUE,0,0,0,0,0,FALSE,1,10,90,a,0,"Decent driving, get shoved around.",,,,,,,,,,,,
836,22,BN,836,22,r2,right,FALSE,TRUE,3,0,0,10,0,TRUE,3,null,0,x,0,Strong shooter. Was defended for last half of teleop by 1610,,,,,,,,,,,,
1731,22,MD,1731,22,r3,undefined,FALSE,TRUE,1,1,0,4,0,TRUE,4,25,,x,0,Shooter was inaccurate/inconsistent,,,,,,,,,,,,
1111,22,DD,1111,22,b1,right,FALSE,TRUE,3,0,0,8,0,FALSE,f,5,0,x,0,"Decent accuracy, but slow climb",,,,,,,,,,,,
2199,22,elp,2199,22,b2,undefined,FALSE,TRUE,1,1,0,6,0,TRUE,4,35,0,x,0,height made it unstable and defense got it close to tipping multiple times,,,,,,,,,,,,
1610,22,Cm,1610,22,b3,middle,FALSE,TRUE,1,0,0,2,0,FALSE,1,10,30,a,0,Looked like they didnt wanna shoot,,,,,,,,,,,,
1262,23,OT,1262,23,r1,right,FALSE,TRUE,2,1,0,10,0,FALSE,2,16,,x,0,"Fast driving, Intake can get caught",,,,,,,,,,,,
2377,23,BN,2377,23,r2,undefined,FALSE,TRUE,1,1,0,4,0,FALSE,f,null,0,x,0,Overshot a lot of cargo,,,,,,,,,,,,
2186,23,MD,2186,23,r3,middle,FALSE,TRUE,0,1,0,2,0,TRUE,2,10,50,n,0,Shooter inaccurate/inconsistent and bot is slow,,,,,,,,,,,,
8726,23,DD,8726,23,b1,middle,FALSE,TRUE,1,0,0,0,0,FALSE,2,null,0,x,0,Intake doesn't work,,,,,,,,,,,,
623,23,elp,623,23,b2,right,FALSE,TRUE,1,0,0,6,0,FALSE,3,null,0,x,0,lost grip on traversal,,,,,,,,,,,,
4242,23,Cm,4242,23,b3,left,FALSE,FALSE,1,1,0,6,0,FALSE,3,30,,x,0,,,,,,,,,,,,,
384,24,,,,,,,,,,,,,,,,,,,,,,,,,,,,,,,
5804,24,BN,5804,24,r2,middle,FALSE,TRUE,0,2,0,7,0,FALSE,f,null,0,x,0,"Made it to high rung, fell right at the end of match",,,,,,,,,,,,
122,24,GMC,122,24,r3,left,FALSE,FALSE,1,1,0,2,0,FALSE,2,15,,x,0,Missed most shots on high,,,,,,,,,,,,
3748,24,,,,,,,,,,,,,,,,,,,,,,,,,,,,,,,
686,24,elp,686,24,b2,right,TRUE,TRUE,0,0,0,0,3,FALSE,2,40,0,x,0,"scout missed auto, tall and unstable, climb was hanging on by one hook",,,,,,,,,,,,
614,24,Cm,614,24,b3,left,FALSE,FALSE,0,2,0,0,10,FALSE,3,20,0,x,0,Almost tipped on cable cover,,,,,,,,,,,,
4286,25,OT,4286,25,r1,middle,FALSE,TRUE,0,0,0,0,8,FALSE,2,11,0,x,0,"Intake is inefficient, slow",,,,,,,,,,,,
1629,25,BN,1629,25,r2,undefined,FALSE,TRUE,2,0,0,9,0,FALSE,4,null,0,x,0,Strong at both shooting and climbing,,,,,,,,,,,,
612,25,,,,,,,,,,,,,,,,,,,,,,,,,,,,,,,
4099,25,DD,4099,25,b1,right,FALSE,TRUE,2,0,0,9,0,FALSE,3,20,0,x,0,"Awesome shooting, fast climb (also sick looking bot)",,,,,,,,,,,,
3136,25,elp,3136,25,b2,undefined,FALSE,TRUE,1,1,0,7,0,FALSE,f,null,0,x,0,"not enough time o climb, has ground intake",,,,,,,,,,,,
4821,25,Cm,4821,25,b3,middle,FALSE,FALSE,0,0,0,2,3,FALSE,2,10,0,x,0,,,,,,,,,,,,,
8592,26,OT,8592,26,r1,middle,FALSE,TRUE,2,0,0,3,0,FALSE,2,11,0,x,0,"Hard time getting over middle, High arc creates bounce outs",,,,,,,,,,,,
1908,26,BN,1908,26,r2,right,FALSE,TRUE,0,0,0,9,0,FALSE,1,null,0,x,0,undefined,,,,,,,,,,,,
2537,26,MD,2537,26,r3,undefined,FALSE,TRUE,0,1,0,2,0,FALSE,2,30,0,x,0,Bot is slow and shooter is inaccurate,,,,,,,,,,,,
8622,26,DD,8622,26,b1,right,FALSE,TRUE,1,0,0,5,0,FALSE,1,10,0,x,0,Accurate shots,,,,,,,,,,,,
1086,26,elp,1086,26,b2,middle,FALSE,TRUE,0,2,0,5,0,FALSE,2,null,10,a,0,hung to climb by a hook,,,,,,,,,,,,
5338,26,Cm,5338,26,b3,left,FALSE,FALSE,0,0,2,0,4,FALSE,f,40,0,x,0,Top heavy,,,,,,,,,,,,
401,27,AW,401,27,R1,FALSE,TRUE,right,TRUE,2,0,0,0,TRUE,4,1,0,0,FALSE,g,4,FALSE,3,v,x,FALSE,FALSE,FALSE,"Went offline briefly, but quickly recovered",,,
422,27,BN,422,27,r2,undefined,FALSE,TRUE,1,1,0,4,1,TRUE,2,null,0,x,0,undefined,,,,,,,,,,,,
4541,27,MD,4541,27,r3,middle,FALSE,TRUE,2,0,0,3,0,TRUE,4,45,0,x,0,Kind of slow but a good bot other than that,,,,,,,,,,,,
449,27,DD,449,27,b1,right,FALSE,TRUE,0,0,1,7,0,FALSE,4,30,0,x,0,Very nice high shots,,,,,,,,,,,,
3939,27,elp,3939,27,b2,left,FALSE,TRUE,0,0,0,5,0,FALSE,x,null,0,x,0,undefined,,,,,,,,,,,,
6194,27,Cm,6194,27,b3,middle,FALSE,TRUE,0,0,1,0,2,FALSE,2,30,0,x,0,undefined,,,,,,,,,,,,
2363,28,HS,2363,28,r1,right,FALSE,TRUE,3,0,0,4,0,TRUE,1,5,0,x,0,Intake broke at the beginning of the match due to aggressive defense.,,,,,,,,,,,,
2914,28,BN,2914,28,r2,middle,FALSE,TRUE,1,0,0,1,0,FALSE,2,null,0,x,0,undefined,,,,,,,,,,,,
1895,28,MD,1895,28,r3,left,FALSE,TRUE,0,0,0,5,0,FALSE,2,20,0,x,0,intake has some problems and bot is kind of slow,,,,,,,,,,,,
5724,28,DD,5724,28,b1,middle,FALSE,TRUE,2,0,0,5,0,TRUE,x,,0,x,0,"Not so accurate, but a lot of shots",,,,,,,,,,,,
7770,28,elp,7770,28,b2,undefined,FALSE,TRUE,0,2,0,2,1,TRUE,4,null,20,a,0,"tall and unstable, got aggressive",,,,,,,,,,,,
1727,28,Cm,1727,28,b3,right,FALSE,TRUE,0,0,0,0,2,FALSE,f,45,60,a,0,Took a big fall from high,,,,,,,,,,,,
3274,29,OT,3274,29,r1,left,FALSE,TRUE,0,0,1,0,0,FALSE,x,,95,v,0,High foul potential,,,,,,,,,,,,
620,29,BN,620,29,r2,right,FALSE,TRUE,0,1,0,6,0,FALSE,3,null,0,x,0,undefined,,,,,,,,,,,,
7429,29,MD,7429,29,r3,middle,FALSE,TRUE,1,0,0,4,0,FALSE,2,25,0,x,0,Shooter is inconsistent/inaccurate,,,,,,,,,,,,
1599,29,DD,1599,29,b1,left,FALSE,TRUE,1,0,0,0,0,FALSE,4,30,0,x,0,"Very low accuracy, but wonderful climb",,,,,,,,,,,,
888,29,elp,888,29,b2,right,FALSE,TRUE,0,0,1,5,1,FALSE,f,null,30,v,0,did not aimlessly slam but had good timing,,,,,,,,,,,,
4472,29,Cm,4472,29,b3,middle,FALSE,TRUE,2,0,0,7,0,TRUE,x,null,0,x,0,undefined,,,,,,,,,,,,
4638,30,HS,4638,30,r1,middle,FALSE,TRUE,1,1,0,3,0,FALSE,4,50,0,x,0,Inefficient intake,,,,,,,,,,,,
6326,30,BN,6326,30,r2,right,FALSE,TRUE,1,0,0,3,0,FALSE,x,null,0,x,0,Attempted to score more cargo instead of climb,,,,,,,,,,,,
1123,30,MD,1123,30,r3,left,FALSE,FALSE,0,0,0,10,0,FALSE,1,20,0,x,0,Shooter is slow but can consistently get 2 balls into the goal,,,,,,,,,,,,
6504,30,DD,6504,30,b1,right,FALSE,TRUE,0,0,2,0,12,FALSE,x,,0,x,0,Can shoot lots of low shots,,,,,,,,,,,,
116,30,elp,116,30,b2,middle,FALSE,TRUE,1,0,0,7,0,TRUE,4,null,0,x,0,good collection of cargo,,,,,,,,,,,,
2421,30,Cm,2421,30,b3,left,FALSE,TRUE,2,0,0,2,0,FALSE,3,20,0,x,0,undefined,,,,,,,,,,,,
5549,31,OT,5549,31,r1,left,FALSE,TRUE,2,0,0,4,0,FALSE,2,17,0,x,0,"Sensitive turning, trouble aiming,",,,,,,,,,,,,
8230,31,BN,8230,31,r2,middle,FALSE,TRUE,1,0,0,6,0,FALSE,f,null,0,x,0,undefined,,,,,,,,,,,,
1111,31,,,,,,,,,,,,,,,,,,,,,,,,,,,,,,,
2186,31,DD,2186,31,b1,middle,FALSE,TRUE,0,1,0,1,0,FALSE,2,10,0,x,0,Not very accurate,,,,,,,,,,,,
614,31,elp,614,31,b2,right,FALSE,TRUE,2,0,2,0,9,FALSE,3,null,0,x,0,efficient in finding cargo and shooting low hub,,,,,,,,,,,,
1610,31,Cm,1610,31,b3,left,FALSE,TRUE,0,1,1,3,3,FALSE,1,15,0,x,0,undefined,,,,,,,,,,,,
1719,32,OT,1719,32,r1,middle,FALSE,TRUE,0,1,0,0,0,FALSE,2,10,0,x,0,Bad driving,,,,,,,,,,,,
5587,32,BN,5587,32,r2,right,FALSE,TRUE,2,0,0,4,0,FALSE,x,null,0,x,0,undefined,,,,,,,,,,,,
2199,32,MD,2199,32,r3,left,FALSE,TRUE,1,1,0,2,0,TRUE,4,33,5,n,0,slow and shooter was inconsistent,,,,,,,,,,,,
122,32,DD,122,32,b1,middle,FALSE,TRUE,2,0,0,10,0,FALSE,2,15,0,x,0,"Lots of good shots, slow climb",,,,,,,,,,,,
612,32,elp,612,32,b2,right,FALSE,FALSE,0,0,1,0,1,FALSE,f,null,0,x,70,"a hook slipped on climb, lost connection or something was stuck in a corner, inefficient intake of a pincher that takes in single cargo only scores low hub",,,,,,,,,,,,
1885,32,Cm,1885,32,b3,undefined,FALSE,TRUE,0,2,0,1,0,FALSE,4,30,0,x,0,undefined,,,,,,,,,,,,
1086,33,HS,1086,33,r1,middle,FALSE,TRUE,1,0,0,12,0,FALSE,x,null,0,x,0,"Efficient, fast, accurate, and durable",,,,,,,,,,,,
384,33,BN,384,33,r2,undefined,FALSE,TRUE,2,0,0,9,0,FALSE,2,null,0,x,0,undefined,,,,,,,,,,,,
1908,33,MD,1908,33,r3,right,FALSE,TRUE,2,0,0,9,0,FALSE,x,,0,x,0,shooter is consistent and accurate,,,,,,,,,,,,
1262,33,DD,1262,33,b1,right,FALSE,TRUE,1,2,0,8,0,FALSE,2,7,0,x,0,"Not very accurate, but still lots of points",,,,,,,,,,,,
4821,33,elp,4821,33,b2,middle,FALSE,TRUE,1,0,0,6,2,FALSE,2,null,0,x,0,"shooting can be disrupted with slamming from other robots, slow climber",,,,,,,,,,,,
8726,33,Cm,8726,33,b3,undefined,FALSE,FALSE,0,0,0,1,2,FALSE,x,,0,x,0,undefined,,,,,,,,,,,,
6194,34,HS,6194,34,r1,middle,FALSE,TRUE,0,1,0,0,3,FALSE,2,20,0,x,0,Conveyor system not working,,,,,,,,,,,,
4541,34,BN,4541,34,r2,right,FALSE,TRUE,1,1,0,4,0,FALSE,4,null,0,x,0,undefined,,,,,,,,,,,,
2377,34,MD,2377,34,r3,left,FALSE,TRUE,0,2,0,7,0,FALSE,x,null,0,x,0,shooter can be very accurate but is somewhat inconsistent,,,,,,,,,,,,
4286,34,DD,4286,34,b1,middle,FALSE,TRUE,0,0,1,0,5,FALSE,x,,0,x,0,Died,,,,,,,,,,,,
2068,34,elp,2068,34,b2,right,FALSE,TRUE,1,1,0,5,0,TRUE,x,null,0,x,0,had one hook to climb,,,,,,,,,,,,
6802,34,Cm,6802,34,b3,undefined,FALSE,FALSE,1,1,0,8,0,FALSE,2,5,0,x,0,undefined,,,,,,,,,,,,
3136,35,,,,,,,,,,,,,,,,,,,,,,,,,,,,,,,
2537,35,,,,,,,,,,,,,,,,,,,,,,,,,,,,,,,
4242,35, ,,,,,,,,,,,,,,,,,,,,,,,,,,,,,,
2914,35,,,,,,,,,,,,,,,,,,,,,,,,,,,,,,,
1727,35,,,,,,,,,,,,,,,,,,,,,,,,,,,,,,,
401,35,Cm,401,35,b3,right,FALSE,TRUE,4,0,0,13,0,FALSE,x,,0,x,0,undefined,,,,,,,,,,,,
449,36,,,,,,,,,,,,,,,,,,,,,,,,,,,,,,,
5338,36,TR,5338,36,r2,middle,FALSE,TRUE,0,0,0,0,0,FALSE,2,null,90,n,0,"Didn’t attempt to shoot, defense was not effective.",,,,,,,,,,,,
686,36,,,,,,,,,,,,,,,,,,,,,,,,,,,,,,,
4472,36,DD,4472,36,b1,left,FALSE,TRUE,2,1,0,9,0,FALSE,3,30,0,x,0,Very fast climb,,,,,,,,,,,,
2363,36,elp,2363,36,b2,right,FALSE,TRUE,4,0,0,14,0,FALSE,2,null,0,x,0,"very good intake, lightning fast mid climb",,,,,,,,,,,,
8622,36,Cm,8622,36,b3,middle,FALSE,TRUE,1,1,0,8,0,FALSE,1,5,0,x,0,Almost tips over everytime it drives forward,,,,,,,,,,,,
1731,37,HS,1731,37,r1,middle,FALSE,TRUE,1,2,0,12,0,FALSE,4,30,0,x,0,Very efficient,,,,,,,,,,,,
5804,37,TR,5804,37,r2,right,FALSE,TRUE,2,0,0,4,2,FALSE,4,null,0,x,0,Some human error in positioning.,,,,,,,,,,,,
7770,37,,,,,,,,,,,,,,,,,,,,,,,,,,,,,,,
6504,37,Cm,4638,37,b3,middle,FALSE,TRUE,1,0,0,5,0,FALSE,4,40,0,x,0,,,,,,,,,,,,,
7429,37,elp,7429,37,b2,undefined,FALSE,TRUE,3,0,0,8,0,FALSE,x,null,0,x,0,nimble,,,,,,,,,,,,
4638,37,BN,4638,37,b1,right,FALSE,TRUE,0,0,0,0,7,FALSE,2,null,0,x,0,undefined,,,,,,,,,,,,
620,38,OT,620,38,r1,left,FALSE,TRUE,1,1,0,3,0,TRUE,f,11,0,x,0,Shooter could somewhat shoot over defense. Easily bullied,,,,,,,,,,,,
5724,38,TR,5724,38,r2,middle,FALSE,TRUE,0,1,0,8,0,FALSE,x,,25,a,0,Accurate and fast shooting.,,,,,,,,,,,,
4099,38,MD,4099,38,r3,right,FALSE,TRUE,3,0,0,7,0,TRUE,2,15,0,x,0,Slow shooter but really accurate,,,,,,,,,,,,
2421,38,NS,2421,38,b1,undefined,FALSE,TRUE,2,0,0,3,0,FALSE,4,30,35,a,0,Switched partway through the match from cycling to defense. Appeared to have issues with intake,,,,,,,,,,,,
8592,38,elp,8592,38,b2,middle,FALSE,FALSE,0,0,0,0,0,TRUE,4,null,60,a,20,spent auto spinning clockwise. you’ve heard of drifting? this one spun. very inefficient cargo collection and could not shoot with any semblance of accuracy,,,,,,,,,,,,
3748,38,Cm,3748,38,b3,right,FALSE,TRUE,1,0,0,0,1,FALSE,x,,80,x,0,They found out thier better at defense then offense.Also they got the other team a foul for pushing 1 of them in the climbing area,,,,,,,,,,,,
888,39,OT,888,39,r1,right,FALSE,TRUE,2,1,0,3,0,TRUE,4,30,0,x,0,Had trouble turning and aligning intake. Lots of bounced out shots.,,,,,,,,,,,,
1123,39,TR,1123,39,r2,middle,FALSE,TRUE,0,0,0,0,8,TRUE,f,5,0,x,0,Robot not built for top basket.,,,,,,,,,,,,
1895,39,Bw,1895,39,r3,undefined,FALSE,TRUE,2,0,0,4,0,FALSE,x,10,10,a,0,"Double check auto , balls bounce out a LOT from upper, couldn’t climb Bc of 888 being slow",,,,,,,,,,,,
836,39,NS,836,39,b1,right,FALSE,TRUE,4,0,0,14,0,FALSE,3,30,0,x,0,"Great shooter, made almost every shot, fast robot, relatively quick at climbing",,,,,,,,,,,,
6326,39,elp,6326,39,b2,middle,FALSE,TRUE,0,0,0,6,0,FALSE,x,null,20,a,0,"at one point, got stuck under another robot, nimble, relatively slow shooting",,,,,,,,,,,,
1629,39,,,,,,,,,,,,,,,,,,,,,,,,,,,,,,,
116,40,OT,116,40,r1,middle,FALSE,TRUE,1,0,1,2,0,TRUE,3,null,0,x,0,Fell and recovered on climb.,,,,,,,,,,,,
3939,40,TR,3939,40,r2,left,FALSE,TRUE,0,3,0,2,0,TRUE,2,15,0,x,0,Seemed to be targeted by another robot (3274). Blocked from shooting for a time.,,,,,,,,,,,,
422,40,Bw,422,40,r3,right,FALSE,TRUE,0,2,0,7,0,TRUE,x,15,0,x,0,"Under HEAVY defense by 3274, 3374 was extremely effective and knows the pin rules",,,,,,,,,,,,
1599,40,NS,1599,40,b1,right,FALSE,TRUE,1,1,0,4,0,FALSE,4,30,0,x,0,"Very inaccurate shooting, driver spend a lot of time driving with control of two pieces of cargo, climbing was great",,,,,,,,,,,,
3274,40,elp,3274,40,b2,middle,FALSE,TRUE,0,0,0,0,0,FALSE,f,null,100,v,0,"incredibly defensive, will shove and hold robots against  a wall or the goal, never got a foul by refs started counting many times",,,,,,,,,,,,
623,40,Cm,623,40,b3,left,FALSE,TRUE,2,0,0,8,0,FALSE,3,30,0,x,0,undefined,,,,,,,,,,,,
1610,41,OT,1610,41,r1,right,FALSE,TRUE,1,0,0,6,0,FALSE,2,11,0,x,0,Good range on shooter. Missed auto so might not be accurate.,,,,,,,,,,,,
4821,41,TR,4821,41,r2,middle,FALSE,TRUE,0,0,0,4,0,FALSE,x,,0,x,30,Lost control of robot for a time.,,,,,,,,,,,,
1086,41,Bw,1086,41,r3,right,FALSE,TRUE,1,2,0,13,0,FALSE,2,15,0,x,0,"Needs work on auto accuracy, super accurate during tele, intook 3 balls and shot them, couldn’t reverse intake",,,,,,,,,,,,
2068,41,NS,2068,41,b1,undefined,FALSE,TRUE,2,0,0,9,0,FALSE,x,null,0,x,0,"Accurate at shooting, driver was good at located cargo",,,,,,,,,,,,
122,41,elp,122,41,b2,middle,FALSE,TRUE,4,0,0,2,0,FALSE,2,null,0,x,0,"climbed with one hook, intake pushes away cargo",,,,,,,,,,,,
614,41,Cm,614,41,b3,right,FALSE,TRUE,2,0,0,1,8,FALSE,3,20,0,x,0,undefined,,,,,,,,,,,,
5587,42,IB,5587,42,r1,right,FALSE,TRUE,3,0,0,6,0,FALSE,4,37,0,x,0,"5587 has a fantastic auto. Their drivers are pretty good, but definitely missed a few balls.",,,,,,,,,,,,
8726,42,DD,8726,42,r2,left,FALSE,TRUE,0,0,0,4,0,FALSE,f,13,0,x,0,,,,,,,,,,,,,
2537,42,GC,2537,42,r3,undefined,FALSE,FALSE,0,0,0,2,1,FALSE,2,30,0,x,0,Slow to aim,,,,,,,,,,,,
5549,42,TR,5549,42,b1,undefined,FALSE,TRUE,0,0,1,0,4,FALSE,f,10,5,a,0,Shooter didn’t seem to work properly.,,,,,,,,,,,,
4541,42,elp,4541,42,b2,right,FALSE,TRUE,1,1,0,3,0,FALSE,4,38,0,x,0,"inaccurate shooting, had trouble going over wire bump in field, reliable climbing",,,,,,,,,,,,
1719,42,Cm,1719,42,b3,middle,FALSE,TRUE,0,1,0,1,0,FALSE,2,30,0,x,0,Bad shooter bad intake,,,,,,,,,,,,
5338,43,IB,5338,43,r1,middle,FALSE,TRUE,0,0,1,0,9,TRUE,3,38,0,x,0,Top heavy and never made a high goal. 5338 isn’t looking so hot.,,,,,,,,,,,,
2914,43,DD,2914,43,r2,left,FALSE,TRUE,2,0,0,0,0,FALSE,1,10,100,n,0,Just took two blue balls and started defending.,,,,,,,,,,,,
1111,43,GC,1111,43,r3,right,FALSE,FALSE,1,0,0,7,1,FALSE,3,15,0,x,0,Balls bounce out of intake often,,,,,,,,,,,,
4286,43,TR,4286,43,b1,middle,FALSE,TRUE,0,0,1,0,2,TRUE,2,30,50,v,0,"Defense pretty good, only went for two shots.",,,,,,,,,,,,
401,43,elp,401,43,b2,right,FALSE,TRUE,5,0,0,5,0,TRUE,2,null,0,x,0,"something happened with shooting not accurate, needs to avoid defenders to shoot while still",,,,,,,,,,,,
686,43,Cm,686,43,b3,left,FALSE,TRUE,0,0,2,0,5,FALSE,4,30,0,x,0,,,,,,,,,,,,,
1262,44,IB,1262,44,r1,right,FALSE,TRUE,2,0,1,6,1,FALSE,f,5,0,x,0,1262 couldn’t climb in time,,,,,,,,,,,,
1727,44,DD,1727,44,r2,middle,FALSE,TRUE,0,0,0,4,0,FALSE,f,30,0,x,0,Review this,,,,,,,,,,,,
6194,44,GC,6194,44,r3,left,FALSE,TRUE,0,0,0,0,2,FALSE,f,20,20,n,0,Very top heavy,,,,,,,,,,,,
5804,44,TR,5804,44,b1,middle,FALSE,TRUE,1,1,0,11,0,FALSE,4,30,,x,0,Shooter incredibly accurate and fast. Amazing climbing mechanism.,,,,,,,,,,,,
6504,44,elp,6504,44,b2,right,FALSE,TRUE,0,0,0,0,8,FALSE,x,null,0,x,0,not a great scorer and doesn’t play defense,,,,,,,,,,,,
3136,44,Cm,3136,44,b3,left,FALSE,TRUE,2,0,0,7,0,FALSE,2,20,10,n,0,undefined,,,,,,,,,,,,
2363,45,IB,2363,45,r1,right,FALSE,TRUE,3,0,0,0,0,FALSE,x,,100,n,0,"Your average defense bot. Mostly moved balls around, started blocking a few shots near the end, wasn’t near enough to save the red alliance.",,,,,,,,,,,,
1885,45,DD,1885,45,r2,middle,FALSE,TRUE,0,0,0,1,0,FALSE,4,25,75,a,0,Very fast climb,,,,,,,,,,,,
4638,45,GC,4638,45,r3,middle,FALSE,TRUE,1,0,0,2,0,FALSE,4,45,,n,0,Bad aim,,,,,,,,,,,,
6802,45,TR,6802,45,b1,left,FALSE,TRUE,2,0,0,1,2,TRUE,2,10,10,a,0,Feeding system not efficient. Shooter a bit inaccurate. Robot unstable,,,,,,,,,,,,
1908,45,elp,1908,45,b2,right,FALSE,TRUE,2,0,0,1,0,TRUE,1,null,90,a,0,"targeted one bot to pin, barely shot",,,,,,,,,,,,
4472,45,Cm,4472,45,b3,middle,FALSE,TRUE,3,1,0,11,0,FALSE,3,30,,x,0,A good bot needs a better shooter,,,,,,,,,,,,
7770,46,IB,7770,46,r1,right,FALSE,TRUE,0,0,1,0,1,FALSE,2,22,80,a,0,,,,,,,,,,,,,
7429,46,DD,7429,46,r2,middle,FALSE,TRUE,2,0,0,2,0,FALSE,x,,,x,0,,,,,,,,,,,,,
1629,46,,,,,,,,,,,,,,,,,,,,,,,,,,,,,,,
4242,46,TR,4242,46,b1,left,FALSE,TRUE,0,2,0,0,0,TRUE,3,25,40,v,0,Shooter not firing. Had to switch to defense,,,,,,,,,,,,
8622,46,elp,8622,46,b2,middle,FALSE,TRUE,1,0,0,0,0,TRUE,f,null,100,x,50,"top heavy, disabled on the side for some time",,,,,,,,,,,,
836,46,Cm,836,46,b3,right,FALSE,TRUE,3,2,0,6,0,FALSE,x,,0,x,0,,,,,,,,,,,,,
1895,47,IB,1895,47,r1,left,FALSE,TRUE,1,0,0,2,0,FALSE,2,16,,x,0,,,,,,,,,,,,,
3748,47,DD,3748,47,r2,right,FALSE,TRUE,0,0,0,0,7,FALSE,x,null,0,x,0,"Topheavy, wobbles when it drives",,,,,,,,,,,,
116,47,GC,116,47,r3,middle,FALSE,TRUE,1,0,0,5,0,FALSE,4,30,,n,0,Slow cycle Shoots from far,,,,,,,,,,,,
8230,47,TR,8230,47,b1,right,FALSE,TRUE,1,0,0,1,0,TRUE,1,10,,x,0,"Top heavy, feeder did not work well. Didn’t pick up balls",,,,,,,,,,,,
8592,47,elp,8592,47,b2,middle,FALSE,TRUE,2,2,0,6,0,FALSE,2,null,20,n,0,exactly 50% accuarcy,,,,,,,,,,,,
3274,47,Cm,3274,47,b3,left,FALSE,TRUE,0,0,0,0,3,FALSE,3,30,20,v,0,Should have played more defense,,,,,,,,,,,,
384,48,IB,384,48,r1,left,FALSE,TRUE,2,0,0,11,0,FALSE,1,null,0,x,0,These people are insanely good at shooting.,,,,,,,,,,,,
623,48,DD,623,48,r2,middle,FALSE,TRUE,1,0,0,1,0,TRUE,f,30,0,x,0,,,,,,,,,,,,,
4099,48,GC,4099,48,r3,right,FALSE,TRUE,2,0,0,10,0,TRUE,3,30,,n,0,Need to be touching hub to shoot. Fast climb. Fast cycle,,,,,,,,,,,,
6326,48,TR,6326,48,b1,middle,FALSE,TRUE,0,1,0,3,0,TRUE,x,,70,v,0,"Intake didn’t seem great, had to go in defense for much of the match. Climbing not attempted",,,,,,,,,,,,
449,48,elp,449,48,b2,right,FALSE,TRUE,0,0,0,10,0,FALSE,4,null,0,x,0,"shot wrong direction in auto, fast intake, fast climb",,,,,,,,,,,,
620,48,Cm,620,48,b3,left,FALSE,TRUE,0,2,0,5,0,FALSE,4,40,,x,0,,,,,,,,,,,,,
2199,49,IB,2199,49,r1,left,FALSE,TRUE,0,0,0,3,0,FALSE,x,,0,x,45,They were knocked over.,,,,,,,,,,,,
2186,49,DD,2186,49,r2,middle,FALSE,TRUE,0,2,0,0,0,FALSE,f,10,0,x,0,undefined,,,,,,,,,,,,
888,49,GC,888,49,r3,right,FALSE,TRUE,0,0,0,0,5,FALSE,3,20,20,a,0,Top heavy,,,,,,,,,,,,
1731,49,TR,1731,49,b1,middle,FALSE,TRUE,2,2,0,12,0,TRUE,4,20,,x,0,Best bot I’ve seen. Double sided feeding is amazing. Accurate shooter. Great climber,,,,,,,,,,,,
2421,49,elp,2421,49,b2,undefined,FALSE,TRUE,0,2,0,2,0,FALSE,f,null,20,x,0,very ineffective intake,,,,,,,,,,,,
422,49,Cm,422,49,b3,right,FALSE,TRUE,2,0,0,9,0,FALSE,4,30,0,x,0,Knocked over 2199,,,,,,,,,,,,
3939,50,IB,3939,50,r1,left,FALSE,TRUE,2,0,0,4,0,FALSE,f,16,0,x,,Potentially review the auto run,,,,,,,,,,,,
1599,50,DD,1599,50,r2,right,FALSE,FALSE,1,0,0,3,0,FALSE,3,20,0,x,0,Not accurate,,,,,,,,,,,,
5724,50,GC,5724,50,r3,middle,FALSE,TRUE,1,1,0,8,1,FALSE,2,20,,a,0,Turret with good aim. Slow cycle,,,,,,,,,,,,
1123,50,TR,1123,50,b1,right,FALSE,TRUE,0,0,2,0,11,FALSE,f,5,0,x,0,Feeder very efficient but shooter not made for top basket,,,,,,,,,,,,
2377,50,elp,2377,50,b2,undefined,FALSE,TRUE,0,2,0,2,0,FALSE,x,null,0,x,0,very inaccurate shooting consistently overshot,,,,,,,,,,,,
612,50,Cm,612,50,b3,middle,FALSE,FALSE,0,0,1,0,1,FALSE,4,50,0,x,0,,,,,,,,,,,,,
5587,51,IB,5587,51,r1,right,FALSE,TRUE,4,0,0,3,0,TRUE,f,null,0,x,20,There turret flew off the top of their bot,,,,,,,,,,,,
6504,51,DD,6504,51,r2,middle,FALSE,TRUE,0,0,1,0,4,FALSE,x,,15,x,0,undefined,,,,,,,,,,,,
1262,51,GC,1262,51,r3,left,FALSE,TRUE,1,0,0,6,0,FALSE,2,10,,a,0,Slow but reliable cycle,,,,,,,,,,,,
5549,51,TR,5549,51,b1,middle,FALSE,TRUE,1,0,0,1,1,TRUE,1,20,20,a,0,Shooter took a while to respond,,,,,,,,,,,,
401,51,elp,401,51,b2,right,FALSE,TRUE,5,0,0,2,0,FALSE,2,60,0,x,0,"something happened with movement, could not go forward",,,,,,,,,,,,
5338,51,Cm,5338,51,b3,left,FALSE,TRUE,0,0,0,0,0,FALSE,2,30,100,a,0,undefined,,,,,,,,,,,,
4821,52,IB,4821,52,r1,middle,FALSE,TRUE,1,0,0,4,1,FALSE,f,3,0,x,,Most shots in teleop missed. The only low goal was them missing the High goal.,,,,,,,,,,,,
614,52,DD,614,52,r2,left,FALSE,TRUE,0,1,0,2,0,FALSE,3,15,,x,0,,,,,,,,,,,,,
1111,52,GC,1111,52,r3,undefined,FALSE,FALSE,0,0,0,0,0,FALSE,x,null,0,x,0,undefined,,,,,,,,,,,,
4541,52,TR,4541,52,b1,left,FALSE,TRUE,0,0,0,0,0,TRUE,4,40,90,x,0,Played on defense. Good climber,,,,,,,,,,,,
2537,52,elp,2537,52,b2,middle,FALSE,TRUE,0,0,0,2,0,FALSE,2,null,0,x,0,slow and inaccurate shooting,,,,,,,,,,,,
5804,52,Cm,5804,52,b3,right,FALSE,TRUE,1,1,0,3,0,TRUE,4,30,,x,0,undefined,,,,,,,,,,,,
1629,53,,,,,,,,,,,,,,,,,,,,,,,,,,,,,,,
1610,53,MD,1610,53,r2,middle,FALSE,TRUE,1,0,0,15,0,FALSE,f,10,0,x,0,Shooter is slow but really accurate and consistent,,,,,,,,,,,,
2068,53,,,,,,,,,,,,,,,,,,,,,,,,,,,,,,,
2914,53,OT,2914,53,b1,right,FALSE,TRUE,2,0,0,0,0,FALSE,x,null,,x,90,"Stopped moving at around 2 minutes, Neither teammates attempted to help",,,,,,,,,,,,
7429,53,,,,,,,,,,,,,,,,,,,,,,,,,,,,,,,
8726,53,GS,8726,53,b3,undefined,FALSE,TRUE,0,0,0,3,0,FALSE,2,15,0,x,0,Driver was not very skilled. Shooter was having trouble in autonomous but worked well in teleop.,,,,,,,,,,,,
4242,54,HS,4242,54,r1,undefined,FALSE,TRUE,1,0,1,0,1,FALSE,3,null,0,x,0,undefined,,,,,,,,,,,,
4472,54,MD,4472,54,r2,middle,FALSE,TRUE,0,1,0,3,2,TRUE,3,20,0,x,5,Shooter can be inconsistent and intake has some trouble picking up balls,,,,,,,,,,,,
4638,54,,,,,,,,,,,,,,,,,,,"Made every lower hub shot, slow with small intake",,,,,,,,,,,,
8592,54,BK,8592,54,b1,right,FALSE,TRUE,2,0,0,1,0,FALSE,f,null,0,x,,Some issues with swerve drive,,,,,,,,,,,,
4286,54,ATH,4286,54,b2,middle,FALSE,TRUE,0,1,0,0,8,FALSE,f,15,0,x,0,Only low shots,,,,,,,,,,,,
1086,54,GS,1086,54,b3,undefined,FALSE,TRUE,1,1,0,8,0,FALSE,f,5,0,x,0,Shooter made about 50% of shots.,,,,,,,,,,,,
6326,55,HS,6326,55,r1,middle,FALSE,TRUE,1,1,0,5,1,FALSE,x,null,0,x,0,Balls kept bouncing out,,,,,,,,,,,,
686,55,MD,686,55,r2,right,FALSE,TRUE,0,0,3,0,13,FALSE,f,30,0,x,0,Good bot but can only get balls into the lower goal and didn't have time to hang,,,,,,,,,,,,
3274,55,BK,3274,55,r3,left,FALSE,TRUE,0,0,0,0,0,FALSE,2,10,95,v,10,Very good defense bot. Fast climber,,,,,,,,,,,,
1908,55,OT,1908,55,b1,middle,FALSE,TRUE,2,0,0,0,4,TRUE,2,14,0,x,0,"Got bullied, overrated",,,,,,,,,,,,
8230,55,ATH,8230,55,b2,right,FALSE,TRUE,1,1,0,5,0,FALSE,1,10,0,x,0,Not the best accuracy,,,,,,,,,,,,
1719,55,GS,1719,55,b3,undefined,FALSE,TRUE,0,1,0,1,1,FALSE,2,20,0,x,0,Shooter was inconsistent and driving wasn’t very skilled. Climb was quick but doesn’t have a traversal option.,,,,,,,,,,,,
620,56,HS,620,56,r1,undefined,FALSE,TRUE,1,0,0,5,0,FALSE,x,null,0,x,0,undefined,,,,,,,,,,,,
2421,56,MD,2421,56,r2,middle,FALSE,TRUE,1,1,0,1,0,FALSE,4,null,0,x,0,"Intake has trouble picking up balls and balls can even get stuck, shooter is inconsistent/inaccurate, good at climbing though",,,,,,,,,,,,
2199,56,BK,2199,56,r3,right,FALSE,TRUE,1,0,0,5,1,FALSE,4,30,0,x,,"Excellent climber, good accuracy. Very top heavy",,,,,,,,,,,,
8622,56,OT,8622,56,b1,left,FALSE,TRUE,0,2,0,4,0,FALSE,1,8,0,x,0,"Very timid slow driving, top Heavy",,,,,,,,,,,,
1895,56,ATH,1895,56,b2,right,FALSE,TRUE,0,1,0,7,0,FALSE,2,25,10,n,0,Intake not that affective,,,,,,,,,,,,
6194,56,GS,6194,56,b3,middle,FALSE,TRUE,0,0,0,0,0,FALSE,f,25,60,n,0,Robot was having trouble picking up balls so it played defense. Robot is top-heavt and almost fell over multiple times,,,,,,,,,,,,
3939,57,HS,3939,57,r1,undefined,FALSE,TRUE,2,0,0,2,0,FALSE,2,25,0,x,0,"Inefficient, balls kept bouncing out",,,,,,,,,,,,
623,57,MD,623,57,r2,middle,FALSE,TRUE,1,1,0,5,0,TRUE,3,null,0,x,0,"Intake is kind of slow and shooter can be accurate but is inconsistent, climbing is decent",,,,,,,,,,,,
1123,57,BK,1123,57,r3,right,FALSE,TRUE,0,0,1,0,7,FALSE,1,4,10,a,0,"Slow to turn, lower cargo strategy",,,,,,,,,,,,
612,57,OT,612,57,b1,left,FALSE,TRUE,0,0,0,0,0,FALSE,2,58,70,a,0,"Poor shooting and intake, Robot is too light to be defense",,,,,,,,,,,,
3748,57,ATH,3748,57,b2,middle,FALSE,TRUE,0,0,1,0,8,FALSE,x,3,15,a,5,Hits hard,,,,,,,,,,,,
384,57,GS,384,57,b3,right,FALSE,TRUE,2,1,0,9,0,TRUE,2,5,,n,0,Made every shot except for one in autonomous. Robot was fast and picked up balls quickly.,,,,,,,,,,,,
1727,58,HS,1727,58,r1,right,FALSE,TRUE,0,1,0,1,0,FALSE,x,null,100,n,0,Primarily defense but not very good at it,,,,,,,,,,,,
1731,58,MD,1731,58,r2,left,FALSE,TRUE,1,2,0,8,0,FALSE,4,20,0,x,0,Intake has some problems with balls potentially getting stuck but shooter is good and climbing is good,,,,,,,,,,,,
888,58,BK,888,58,r3,middle,FALSE,TRUE,0,0,3,1,6,TRUE,2,10,5,a,0,"Lower cargo strategy, pretty good climber",,,,,,,,,,,,
1885,58,OT,1885,58,b1,left,FALSE,TRUE,2,0,0,2,0,TRUE,4,20,,x,0,"Timid diving, with small intake, good weight",,,,,,,,,,,,
2377,58,ATH,2377,58,b2,right,FALSE,FALSE,1,1,0,6,0,FALSE,f,8,,x,,Bad accuracy,,,,,,,,,,,,
5724,58,GS,5724,58,b3,middle,FALSE,TRUE,1,0,0,12,0,TRUE,f,10,,n,0,"Shooter was very consistent, making almost every shot when not being defended. Robot ran out of time to finish climbing.",,,,,,,,,,,,
122,59,HS,122,59,r1,undefined,FALSE,TRUE,1,0,1,0,0,FALSE,x,null,50,a,10,"Intake fell off, balls bounced out of goal",,,,,,,,,,,,
422,59,MD,422,59,r2,middle,FALSE,TRUE,1,1,0,4,0,FALSE,4,30,15,a,0,shooter is inconsistent and intake can have problems but hanging is good,,,,,,,,,,,,
1599,59,BK,1599,59,r3,right,FALSE,TRUE,0,1,0,4,1,FALSE,3,40,0,x,,Some issues with shooting and aiming,,,,,,,,,,,,
4099,59,OT,4099,59,b1,left,FALSE,TRUE,2,0,0,7,0,FALSE,4,27,0,x,0,"Extremely fast, had to go to hub to shoot",,,,,,,,,,,,
2363,59,ATH,2363,59,b2,right,FALSE,TRUE,5,0,0,7,0,FALSE,1,13,0,x,0,Intake still messed up,,,,,,,,,,,,
7770,59,GS,7770,59,b3,middle,FALSE,TRUE,1,0,0,0,0,FALSE,3,45,70,n,0,Robot either played defense or was moving slowly around the field.,,,,,,,,,,,,
836,60,HS,836,60,r1,right,FALSE,TRUE,5,0,0,10,0,FALSE,3,30,0,x,0,"Average speed, perfect trajectory",,,,,,,,,,,,
449,60,MD,449,60,r2,left,FALSE,TRUE,2,0,0,14,0,FALSE,4,null,,x,0,"Shooter is slow but consistent and accurate, hanging is good",,,,,,,,,,,,
6802,60,BK,6802,60,r3,middle,FALSE,TRUE,1,0,0,2,0,FALSE,1,15,0,x,0,"Slow climber, some accuracy issues",,,,,,,,,,,,
3136,60,OT,3136,60,b1,left,FALSE,TRUE,1,1,0,11,0,FALSE,2,14,0,x,0,"Very efficient, intake can get caught, good driving",,,,,,,,,,,,
2186,60,ATH,2186,60,b2,middle,FALSE,TRUE,1,1,0,4,1,FALSE,1,10,0,x,0,Bad accuracy,,,,,,,,,,,,
116,60,GS,116,60,b3,right,FALSE,TRUE,1,0,0,6,0,FALSE,4,25,,x,0,"Wasn’t very active in autonomous. Shooter made about 50% of shots, but climbing was quick.",,,,,,,,,,,,
1610,61,HS,1610,61,r1,middle,FALSE,TRUE,0,2,0,9,0,FALSE,x,null,20,n,0,Efficient shooter and intake,,,,,,,,,,,,
8726,61,MD,8726,61,r2,left,FALSE,FALSE,0,0,2,5,0,TRUE,f,7,,x,0,bot is slow but can be accurate,,,,,,,,,,,,
4472,61,BK,4472,61,r3,right,FALSE,TRUE,1,1,0,7,0,FALSE,3,20,0,x,0,Good climber and excellent cargo cycle,,,,,,,,,,,,
401,61,,,,,,,,,,,,,,,,,,,,,,,,,,,,,,,
6504,61,ATH,6504,61,b2,middle,FALSE,TRUE,0,1,0,0,4,FALSE,f,15,10,n,0,Bad defense,,,,,,,,,,,,
4821,61,GS,4821,61,b3,left,FALSE,TRUE,1,0,0,6,0,FALSE,2,20,,x,0,"Robot made about 50% of its shots. The intake is small, so it had trouble collecting balls.",,,,,,,,,,,,
3274,62,HS,3274,62,r1,undefined,FALSE,TRUE,0,0,0,0,0,FALSE,x,null,100,v,0,Effective and aggressive defense,,,,,,,,,,,,
1908,62,MD,1908,62,r2,right,FALSE,FALSE,1,1,0,5,0,TRUE,2,10,5,x,0,"Bot can be accurate but shooter can not be turned, climbing is decent",,,,,,,,,,,,
5804,62,BK,5804,62,r3,middle,FALSE,TRUE,1,1,0,7,0,FALSE,3,20,0,x,0,Weak climber material (broke),,,,,,,,,,,,
5587,62,OT,5587,62,b1,right,FALSE,TRUE,3,1,0,0,0,FALSE,4,20,78,a,0,Intake broke easily on,,,,,,,,,,,,
4242,62,ATH,4242,62,b2,left,FALSE,FALSE,1,1,1,0,3,FALSE,3,34,,x,0,Bad intake,,,,,,,,,,,,
4286,62,GS,4286,62,b3,middle,FALSE,TRUE,0,0,1,0,6,TRUE,f,15,,x,0,Robot was inactive in autonomous after shooting and leaving tarmac. Also very top-heavy.,,,,,,,,,,,,
1629,63,GC,1629,63,r1,right,FALSE,TRUE,2,0,0,7,0,FALSE,4,30,0,x,0,Fast intake but no lime light shooter,,,,,,,,,,,,
5549,63,BN,5549,63,r2,middle,FALSE,TRUE,0,0,0,2,0,FALSE,1,null,0,x,0,Overshot half or more of cargo they shot,,,,,,,,,,,,
2199,63,ATH,2199,63,r3,undefined,FALSE,TRUE,2,0,0,4,2,FALSE,4,30,0,x,0,Not consistent with shots,,,,,,,,,,,,
4638,63,DD,4638,63,b1,undefined,FALSE,TRUE,1,0,0,2,0,FALSE,3,37,0,x,0,Low accuracy,,,,,,,,,,,,
620,63,BK,620,63,b2,left,FALSE,TRUE,0,0,0,7,0,FALSE,4,30,0,x,0,Great all around. Fast climbing and shooting,,,,,,,,,,,,
1262,63,Cm,1262,63,b3,right,FALSE,TRUE,2,0,0,11,0,FALSE,2,10,0,x,0,You can tip this on the cable guard,,,,,,,,,,,,
612,64,GC,612,64,r1,right,FALSE,TRUE,0,0,1,0,4,FALSE,3,60,0,x,0,Grabber intake/shooter,,,,,,,,,,,,
6194,64,BN,6194,64,r2,middle,FALSE,TRUE,0,0,0,0,2,FALSE,f,null,0,x,0,"Very top heavy, cargo would sometimes get stuck in the top when they tried to fire it",,,,,,,,,,,,
2421,64,ATH,2421,64,r3,undefined,FALSE,TRUE,2,0,0,2,0,FALSE,4,30,0,x,0,Bad accuracy great climb,,,,,,,,,,,,
7429,64,DD,7429,64,b1,middle,FALSE,TRUE,3,0,0,10,0,FALSE,3,32,0,x,0,"Very accurate, almost 100%",,,,,,,,,,,,
5338,64,BK,5338,64,b2,left,FALSE,TRUE,0,0,2,0,4,FALSE,2,60,0,x,0,Low cargo strategy,,,,,,,,,,,,
8230,64,Cm,8230,64,b3,right,FALSE,TRUE,2,0,0,8,0,TRUE,x,,0,x,0,Got stuck on a cargo last 30 seconds,,,,,,,,,,,,
2377,65,GC,2377,65,r1,left,FALSE,TRUE,1,0,0,9,0,FALSE,x,,0,x,0,Slow cycle. No climb,,,,,,,,,,,,
2068,65,BN,2068,65,r2,middle,FALSE,TRUE,0,0,0,0,0,FALSE,f,null,0,x,0,Never fired any cargo,,,,,,,,,,,,
1895,65,ATH,1895,65,r3,right,FALSE,TRUE,0,1,0,9,0,FALSE,2,15,0,x,0,Top heavy,,,,,,,,,,,,
2537,65,DD,2537,65,b1,left,FALSE,FALSE,2,0,0,3,0,FALSE,x,,0,x,0,"Very high shots, not very accurate",,,,,,,,,,,,
888,65,BK,888,65,b2,middle,FALSE,TRUE,3,1,0,2,5,TRUE,4,40,0,x,0,Fast shooting and excellent climbing,,,,,,,,,,,,
3748,65,Cm,3748,65,b3,right,FALSE,TRUE,0,0,1,0,3,TRUE,x,null,0,x,0,Looked like ran into technical diffaculties,,,,,,,,,,,,
5724,66,,,,,,,,,,,,,,,,,,,,,,,,,,,,,,,
8622,66,BN,8622,66,r2,middle,FALSE,TRUE,0,0,0,3,0,FALSE,x,null,0,x,0,undefined,,,,,,,,,,,,
1731,66,GC,1731,66,r1,right,FALSE,TRUE,2,2,0,8,0,TRUE,4,20,0,x,0,Intake broke halfway through,,,,,,,,,,,,
623,66,DD,623,66,b1,left,FALSE,TRUE,2,0,0,9,0,FALSE,4,30,0,x,0,Very good at shooting,,,,,,,,,,,,
1719,66,BK,1719,66,b2,right,FALSE,TRUE,0,0,1,0,2,FALSE,2,15,5,a,0,Low cargo strategy,,,,,,,,,,,,
122,66,Cm,122,66,b3,middle,FALSE,TRUE,3,0,0,4,0,FALSE,x,null,0,x,0,,,,,,,,,,,,,
4541,67,,,,,,,,,,,,,,,,,,,,,,,,,,,,,,,
2186,67,BN,2186,67,r2,middle,FALSE,TRUE,1,1,0,0,0,FALSE,2,null,50,v,0,Kept picking up blue cargo during Teleop and got 2 pieces stuck in robot. Played defense for about half of teleop and was pretty effective.,,,,,,,,,,,,
2363,67,ATH,2363,67,r3,right,FALSE,TRUE,1,1,0,13,0,TRUE,2,5,5,a,0,Not it's best self,,,,,,,,,,,,
116,67,DD,116,67,b1,middle,FALSE,TRUE,1,0,0,2,0,FALSE,4,null,0,x,0,"Inaccurate, but good climb",,,,,,,,,,,,
1123,67,BK,1123,67,b2,left,FALSE,TRUE,0,0,2,0,10,TRUE,1,8,20,a,0,Low cargo port strategy,,,,,,,,,,,,
384,67,Cm,384,67,b3,right,FALSE,TRUE,3,0,0,3,0,TRUE,2,30,0,x,0,Heavily defended,,,,,,,,,,,,
6802,68,GC,6802,68,r1,left,FALSE,TRUE,1,1,0,4,2,FALSE,2,5,0,x,0,Fast climb but can't go higher than mid,,,,,,,,,,,,
6326,68,BN,6326,68,r2,middle,FALSE,TRUE,1,0,0,4,0,FALSE,x,null,0,x,0,"Accurate if it gets right next to hub, shooter shoots ball almost straight up",,,,,,,,,,,,
614,68,ATH,614,68,r3,right,FALSE,TRUE,2,0,0,5,0,TRUE,3,17,,x,0,Gets pushed around a bit but is mostly accurate,,,,,,,,,,,,
2914,68,DD,2914,68,b1,left,FALSE,TRUE,1,0,0,0,0,FALSE,x,null,0,x,80,Disconnected,,,,,,,,,,,,
1599,68,BK,1599,68,b2,middle,FALSE,TRUE,0,1,0,5,0,TRUE,4,30,40,v,0,Very good shooter and climber,,,,,,,,,,,,
449,68,Cm,449,68,b3,right,FALSE,TRUE,0,0,4,8,0,FALSE,3,25,0,x,0,,,,,,,,,,,,,
1086,69,GC,1086,69,r1,left,FALSE,TRUE,1,1,0,7,1,TRUE,1,10,0,x,0,Doesn't go above mid. Fast intake.,,,,,,,,,,,,
836,69,BN,836,69,r2,right,FALSE,TRUE,3,0,0,12,0,FALSE,3,null,0,x,0,Very accurate shooter,,,,,,,,,,,,
7770,69,ATH,7770,69,r3,middle,FALSE,FALSE,0,2,0,0,0,FALSE,4,42,90,a,0,Something broke,,,,,,,,,,,,
1727,69,DD,1727,69,b1,middle,FALSE,TRUE,1,0,0,0,0,FALSE,3,35,100,a,,Probably had shooter problems,,,,,,,,,,,,
1111,69,BK,1111,69,b2,right,FALSE,TRUE,2,0,0,0,0,FALSE,x,null,0,x,0,Robot was disabled for almost all of match,,,,,,,,,,,,
3939,69,Cm,3939,69,b3,left,FALSE,TRUE,0,2,0,3,0,FALSE,2,30,0,x,0,Looks like it broke,,,,,,,,,,,,
8592,70,GC,8592,70,r1,left,FALSE,TRUE,0,0,0,7,0,FALSE,f,5,0,x,0,Fast and far shooter. Inefficient intake,,,,,,,,,,,,
4099,70,BN,4099,70,r2,right,FALSE,TRUE,0,0,0,8,0,FALSE,4,null,0,x,0,"Pretty good shooter, really good climber",,,,,,,,,,,,
422,70,ATH,422,70,r3,middle,FALSE,TRUE,1,0,0,6,0,FALSE,4,32,0,x,0,Not a great autonomous,,,,,,,,,,,,
686,70,DD,686,70,b1,right,FALSE,TRUE,0,0,3,0,7,FALSE,4,null,,x,0,Intake broke,,,,,,,,,,,,
3136,70,BK,3136,70,b2,middle,FALSE,TRUE,1,0,0,7,0,FALSE,x,null,0,x,,Fairly good shooting and driving,,,,,,,,,,,,
1885,70,Cm,1885,70,b3,left,FALSE,FALSE,0,1,0,12,0,FALSE,4,30,0,x,0,,,,,,,,,,,,,
1629,71,GC,1629,71,r1,left,FALSE,TRUE,2,0,0,9,1,FALSE,3,30,0,x,0,Had to at hub to shoot,,,,,,,,,,,,
5587,71,BN,5587,71,r2,right,FALSE,TRUE,2,2,0,1,0,FALSE,3,null,0,x,0,Good climber,,,,,,,,,,,,
1908,71,ATH,1908,71,r3,middle,FALSE,TRUE,2,0,0,8,0,TRUE,2,15,0,x,0,Easily pushed,,,,,,,,,,,,
8230,71,DD,8230,71,b1,right,FALSE,TRUE,2,0,0,5,0,FALSE,f,3,0,x,0,,,,,,,,,,,,,
5804,71,BK,5804,71,b2,left,FALSE,TRUE,2,0,0,4,0,FALSE,4,35,40,v,0,Excellent climbing and good shooting,,,,,,,,,,,,
4472,71,Cm,4472,71,b3,middle,FALSE,TRUE,2,1,0,7,0,FALSE,f,20,0,x,0,Looked like only 1 telescope worked,,,,,,,,,,,,
612,72,GS,612,72,r1,right,FALSE,TRUE,0,0,0,0,3,FALSE,3,60,,x,0,Climbed to high bar but then had issues. Robot’s intake was slow to collect balls and could only hold 1 at a time.,,,,,,,,,,,,
1610,72,TR,1610,72,r2,undefined,FALSE,TRUE,1,1,0,7,8,FALSE,1,15,0,x,0,"Very versatile bot, driver seemed unconfident",,,,,,,,,,,,
2537,72,MD,2537,72,r3,middle,FALSE,TRUE,0,0,0,0,0,FALSE,2,40,90,a,0,Bot must be turned in the right direction to shoot and they played defense most of the time,,,,,,,,,,,,
3748,72,HS,3748,72,b1,undefined,TRUE,FALSE,0,0,0,0,0,FALSE,x,null,0,x,0,undefined,,,,,,,,,,,,
6194,72,CM,6194,72,b2,undefined,FALSE,TRUE,0,0,0,0,1,FALSE,x,null,10,a,0,Shooter seemed nonfunctional. Top-heavy,,,,,,,,,,,,
4242,72,Cm,4242,72,b3,right,FALSE,TRUE,1,1,0,0,6,FALSE,3,30,0,x,0,,,,,,,,,,,,,
122,73,GS,122,73,r1,middle,FALSE,TRUE,2,0,0,3,0,TRUE,2,10,10,a,0,Shooter made about 50% of shots.,,,,,,,,,,,,
5724,73,TR,5724,73,r2,right,FALSE,TRUE,1,0,0,12,0,TRUE,1,30,0,x,0,Responded very well to defense,,,,,,,,,,,,
5338,73,MD,5338,73,r3,left,FALSE,TRUE,0,0,2,0,7,FALSE,3,65,0,x,0,Consistently scores low goals and is decent at climbing,,,,,,,,,,,,
2068,73,HS,2068,73,b1,right,FALSE,TRUE,1,0,0,4,0,FALSE,x,10,30,n,0,Untuned swerve drive,,,,,,,,,,,,
3274,73,AW,3274,73,b2,FALSE,FALSE,undefined,TRUE,0,0,1,0,FALSE,0,0,0,0,FALSE,x,x,FALSE,0,v,v,FALSE,FALSE,FALSE,"Extremely aggressive defensive bot, almost got a foul couple times",,,
4638,73,Cm,4638,73,b3,left,FALSE,TRUE,2,0,0,0,6,FALSE,3,40,0,x,0,undefined,,,,,,,,,,,,
8622,74,GS,8622,74,r1,middle,FALSE,TRUE,1,0,0,0,0,FALSE,x,,60,a,0,,,,,,,,,,,,,
401,74,TR,401,74,r2,right,FALSE,FALSE,0,0,0,5,0,TRUE,2,40,0,x,0,Got pushed around a lot by 1731. Did not pick up balls quickly,,,,,,,,,,,,
116,74,,,,,,,,,,,,,,,,,,,,,,,,,,,,,,,
4541,74,HS,4541,74,b1,middle,FALSE,TRUE,2,2,0,10,0,FALSE,4,20,50,v,0,Extremely effective at both offence and defense,,,,,,,,,,,,
384,74,AW,384,74,b2,FALSE,FALSE,right,TRUE,2,0,1,0,FALSE,7,0,0,0,FALSE,x,x,FALSE,2,v,x,FALSE,FALSE,FALSE,Ver good shooting,,,
1731,74,Cm,1731,74,b3,right,FALSE,TRUE,3,0,0,7,0,FALSE,4,30,0,x,0,undefined,,,,,,,,,,,,
2421,75,AW,2421,75,r1,undefined,FALSE,TRUE,3,0,0,0,0,FALSE,x,10,90,v,0,,,,,,,,,,,,,
1719,75,TR,1719,75,r2,middle,FALSE,TRUE,0,0,1,0,5,TRUE,2,15,20,v,0,Defense was good but got pushed around a lot too. Didn’t go for high basket,,,,,,,,,,,,
2914,75,MD,2914,75,r3,right,FALSE,TRUE,1,0,0,5,0,TRUE,x,0,0,x,0,shooter can be accurate but is slow and intake has problems getting balls,,,,,,,,,,,,
1599,75,DD,1599,75,b1,left,FALSE,TRUE,2,0,0,4,0,FALSE,4,30,0,x,0,"Very fast, efficient climb",,,,,,,,,,,,
1895,75,AW,1895,75,b2,undefined,FALSE,TRUE,3,0,0,0,0,FALSE,x,10,90,v,0,,,,,,,,,,,,,
4821,75,Cm,4821,75,b3,middle,FALSE,TRUE,1,0,0,7,0,FALSE,2,30,0,x,0,undefined,,,,,,,,,,,,
623,76,GS,623,76,r1,left,FALSE,TRUE,3,0,0,6,0,TRUE,4,45,,x,0,"Intake and shooter work well, and robot was quick",,,,,,,,,,,,
1111,76,TR,1111,76,r2,right,FALSE,TRUE,1,0,0,16,0,TRUE,1,10,0,x,0,Shooter very accurate.,,,,,,,,,,,,
7429,76,MD,7429,76,r3,middle,FALSE,TRUE,0,1,0,8,0,FALSE,2,40,0,x,0,"shooter is consistent but bot has to be turned around to shoot, decent at climbing",,,,,,,,,,,,
6504,76,DD,6504,76,b1,left,FALSE,TRUE,0,2,0,1,0,FALSE,f,10,50,a,0,Non efficient shooter,,,,,,,,,,,,
2199,76,AW,2199,76,b2,middle,FALSE,TRUE,0,2,0,2,0,FALSE,2,7,0,x,0,undefined,,,,,,,,,,,,
6802,76,Cm,6802,76,b3,left,FALSE,TRUE,0,2,0,1,0,FALSE,2,20,0,x,0,undefined,,,,,,,,,,,,
614,77,GS,614,77,r1,right,FALSE,TRUE,1,0,0,0,0,FALSE,2,15,90,a,0,Kept the opponents’ top robot from shooting.,,,,,,,,,,,,
8726,77,TR,8726,77,r2,left,FALSE,TRUE,0,1,0,4,0,TRUE,x,0,0,x,0,Driver seemed inexperienced,,,,,,,,,,,,
8592,77,MD,8592,77,r3,middle,FALSE,TRUE,2,2,0,5,0,TRUE,2,25,5,a,0,"Shooter is accurate and consistent a lot of balls bounced out of the goal, can only reach the mid bar in climbing",,,,,,,,,,,,
1727,77,DD,1727,77,b1,middle,FALSE,TRUE,1,0,0,2,0,FALSE,3,30,0,x,0,"Balls go in the hoop and bounce out, climb not bad",,,,,,,,,,,,
422,77,AW,422,77,b2,left,FALSE,TRUE,2,1,0,6,0,FALSE,x,,0,x,0,Fast swerve drive,,,,,,,,,,,,
836,77,Cm,836,77,b3,right,FALSE,TRUE,3,2,0,8,0,TRUE,x,,0,x,0,We want to team with 836,,,,,,,,,,,,
1885,78,GS,1885,78,r1,left,FALSE,TRUE,11,0,0,0,0,FALSE,4,15,,x,0,Shooting was very consistent but intake is small and difficult to grab balls.,,,,,,,,,,,,
4099,78,TR,4099,78,r2,right,FALSE,FALSE,0,0,0,11,0,FALSE,3,10,0,x,0,Did not move in auto phase,,,,,,,,,,,,
1262,78,MD,1262,78,r3,middle,FALSE,TRUE,1,0,0,15,0,FALSE,x,0,0,x,0,"Shooter is consistent and accurate, didn't attempt a climb",,,,,,,,,,,,
7770,78,DD,7770,78,b1,left,FALSE,FALSE,0,0,1,0,3,FALSE,2,32,,x,0,Fell off the traversal,,,,,,,,,,,,
1123,78,AW,1123,78,b2,right,FALSE,FALSE,0,0,2,0,6,FALSE,x,null,0,x,0,"Shoots at low, not high cargo",,,,,,,,,,,,
2186,78,Cm,2186,78,b3,middle,FALSE,TRUE,1,0,0,3,0,FALSE,x,null,0,x,0,undefined,,,,,,,,,,,,
888,79,GS,888,79,r1,left,FALSE,FALSE,0,1,0,0,8,FALSE,3,30,,x,0,"Shooting into lower hub was consistent, and intake was very smooth.",,,,,,,,,,,,
4286,79,TR,4286,79,r2,middle,FALSE,TRUE,0,1,0,0,9,FALSE,2,7,0,x,0,Had an issue picking up cargo and get to the goal.,,,,,,,,,,,,
449,79,MD,449,79,r3,right,FALSE,TRUE,0,0,4,9,0,TRUE,f,30,0,x,0,"Shooter is consistent and accurate but slow, climbers have problems",,,,,,,,,,,,
686,79,DD,686,79,b1,left,FALSE,TRUE,0,0,2,0,6,FALSE,4,30,0,x,0,Decent climb,,,,,,,,,,,,
1086,79,AW,1086,79,b2,right,FALSE,FALSE,0,1,0,11,0,FALSE,2,15,0,x,0,Good shooting :),,,,,,,,,,,,
3939,79,Cm,3939,79,b3,middle,FALSE,TRUE,0,1,0,4,0,FALSE,2,20,0,x,0,undefined,,,,,,,,,,,,
3136,80,GS,3136,80,r1,left,FALSE,TRUE,1,1,0,3,0,TRUE,x,,,x,0,Intake was small and the robot couldn’t get most of the balls they passed,,,,,,,,,,,,
5549,80,TR,5549,80,r2,right,FALSE,TRUE,1,0,0,0,0,FALSE,2,10,10,a,0,Shooter was very inconsistent.,,,,,,,,,,,,
620,80,MD,620,80,r3,middle,FALSE,TRUE,1,1,0,8,0,FALSE,4,null,0,x,0,"Shooter is decent, climber is really good",,,,,,,,,,,,
2377,80,DD,2377,80,b1,left,FALSE,TRUE,1,0,0,6,1,FALSE,x,null,0,x,0,,,,,,,,,,,,,
2363,80,AW,2363,80,b2,right,FALSE,TRUE,2,1,0,8,1,FALSE,1,6,0,x,0,Fast swerve drive and retractable intake,,,,,,,,,,,,
6326,80,Cm,6326,80,b3,middle,FALSE,TRUE,1,0,0,4,0,TRUE,x,,50,a,0,undefined,,,,,,,,,,,,
4638,81,GS,4638,81,r1,left,FALSE,TRUE,0,1,0,3,1,FALSE,4,45,,x,0,Climbing was very slow but they got traversal. The shooter was very inconsistent.,,,,,,,,,,,,
122,81,TR,122,81,r2,middle,FALSE,TRUE,1,0,0,10,1,FALSE,x,,0,x,0,Nice buzzer beater. Shooter pretty accurate,,,,,,,,,,,,
4541,81,MD,4541,81,r3,right,FALSE,TRUE,0,1,0,3,0,FALSE,4,35,0,x,0,"Shooter is inconsistent, intake has problems taking in balls, climbing is good",,,,,,,,,,,,
8230,81,DD,8230,81,b1,right,FALSE,TRUE,0,2,0,6,0,FALSE,x,,0,x,0,Inaccurate,,,,,,,,,,,,
5724,81,AW,5724,81,b2,middle,FALSE,TRUE,0,2,0,3,0,FALSE,3,25,0,x,0,,,,,,,,,,,,,
4242,81,Cm,4242,81,b3,left,FALSE,TRUE,2,0,0,0,5,FALSE,3,35,,x,25,undefined,,,,,,,,,,,,
4472,82,GS,4472,82,r1,left,FALSE,TRUE,2,0,0,12,0,FALSE,2,10,,x,0,"Shooter made about 75% of shots, and intake was smooth. Driver seemed skilled.",,,,,,,,,,,,
612,82,TR,612,82,r2,middle,FALSE,FALSE,0,0,0,0,0,FALSE,f,50,100,v,0,"Piece of cargo stuck on robot, could not shoot at all. Fell from climb",,,,,,,,,,,,
5587,82,MD,5587,82,r3,right,FALSE,TRUE,2,1,0,5,0,TRUE,f,null,0,x,0,"Shooter is decent, had a lot of problems with climbing",,,,,,,,,,,,
1895,82,DD,1895,82,b1,left,FALSE,TRUE,0,0,0,4,0,FALSE,2,5,0,x,0,Bad intake,,,,,,,,,,,,
384,82,BK,384,82,b2,right,FALSE,TRUE,2,0,0,13,0,FALSE,1,6,0,x,0,Very good shooter,,,,,,,,,,,,
2421,82,Cm,2421,82,b3,middle,FALSE,TRUE,0,1,0,3,0,TRUE,3,30,0,x,,undefined,,,,,,,,,,,,
5338,83,GC,5338,83,r1,right,FALSE,TRUE,0,0,1,0,8,FALSE,f,5,0,x,0,Top heavy,,,,,,,,,,,,
2199,83,BN,2199,83,r2,undefined,FALSE,TRUE,1,1,0,2,2,FALSE,f,null,0,x,0,undefined,,,,,,,,,,,,
1599,83,IB,1599,83,r3,middle,FALSE,TRUE,1,0,0,10,0,FALSE,4,26,0,x,0,undefined,,,,,,,,,,,,
1610,83,ATH,1610,83,b1,undefined,FALSE,TRUE,2,0,0,7,2,FALSE,f,3,0,x,0,Bad accuracy,,,,,,,,,,,,
3748,83,BK,3748,83,b2,right,FALSE,TRUE,0,0,0,0,5,TRUE,2,11,30,a,0,Very fast loading of cargo,,,,,,,,,,,,
5804,83,Cm,5804,83,b3,middle,FALSE,TRUE,0,1,0,5,0,FALSE,4,30,0,x,0,undefined,,,,,,,,,,,,
422,84,GC,422,84,r1,middle,FALSE,TRUE,1,0,0,6,0,FALSE,4,30,0,x,0,Trouble tracking balls,,,,,,,,,,,,
623,84,BN,623,84,r2,undefined,FALSE,TRUE,1,1,0,7,0,FALSE,4,35,0,x,0,undefined,,,,,,,,,,,,
1908,84,IB,1908,84,r3,right,FALSE,TRUE,2,0,0,1,0,FALSE,2,8,70,a,0,undefined,,,,,,,,,,,,
1111,84,ATH,1111,84,b1,undefined,FALSE,TRUE,2,0,0,14,0,FALSE,1,15,10,a,0,Great accuracy big bot maneuvers well,,,,,,,,,,,,
2537,84,BK,2537,84,b2,middle,FALSE,TRUE,1,0,0,0,0,FALSE,2,30,40,a,0,Some issues with driving,,,,,,,,,,,,
836,84,Cm,836,84,b3,right,FALSE,TRUE,3,0,0,10,0,TRUE,3,20,0,x,0,undefined,,,,,,,,,,,,
614,85,GC,614,85,r1,left,FALSE,FALSE,0,2,0,6,0,FALSE,3,20,10,v,0,Powerful ramming,,,,,,,,,,,,
1262,85,BN,1262,85,r2,right,FALSE,TRUE,2,1,0,9,0,FALSE,2,15,0,x,0,Pretty accurate shooter,,,,,,,,,,,,
1123,85,IB,1123,85,r3,middle,FALSE,TRUE,0,0,0,0,8,FALSE,1,5,,x,0,"Near the very end of the match, they appeared to lose part of their robot.",,,,,,,,,,,,
6802,85,ATH,6802,85,b1,undefined,FALSE,TRUE,0,2,0,5,0,FALSE,f,3,,x,0,Top heavy not a good shooter,,,,,,,,,,,,
6194,85,BK,6194,85,b2,middle,FALSE,TRUE,0,0,0,0,6,TRUE,f,10,35,n,0,"Very topheavy, fairly inaccurate shooter",,,,,,,,,,,,
1719,85,Cm,1719,85,b3,right,FALSE,TRUE,0,0,1,0,3,FALSE,1,20,0,x,0,"Driver isnt very good, sacraficing thier own team mayes for an exyra cargo",,,,,,,,,,,,
449,86,GC,449,86,r1,left,FALSE,FALSE,0,1,0,10,0,FALSE,2,25,,x,0,Top heavy,,,,,,,,,,,,
8592,86,BN,8592,86,r2,middle,FALSE,TRUE,1,1,0,3,0,FALSE,x,null,0,x,0,Almost every cargo they shot bounced out,,,,,,,,,,,,
4821,86,IB,4821,86,r3,right,FALSE,TRUE,1,0,0,9,0,FALSE,f,3,0,x,0,,,,,,,,,,,,,
1885,86,ATH,1885,86,b1,undefined,FALSE,TRUE,2,0,0,7,0,TRUE,4,15,0,x,0,Bad intake,,,,,,,,,,,,
2914,86,BK,2914,86,b2,right,FALSE,TRUE,2,0,0,2,0,FALSE,2,5,10,n,30,Bot wasnt moving for much of the match,,,,,,,,,,,,
6504,86,Cm,6504,86,b3,middle,FALSE,TRUE,1,0,0,0,5,FALSE,x,,0,x,33,,,,,,,,,,,,,
1731,87,GC,1731,87,r1,left,FALSE,TRUE,2,0,0,10,0,FALSE,4,25,,x,0,Good bot,,,,,,,,,,,,
3136,87,BN,3136,87,r2,middle,FALSE,TRUE,0,1,0,9,0,FALSE,x,null,0,x,0,,,,,,,,,,,,,
2363,87,IB,2363,87,r3,right,FALSE,TRUE,4,0,0,19,0,FALSE,2,5,0,x,0,Triple Helix is godlike,,,,,,,,,,,,
3274,87,ATH,3274,87,b1,undefined,FALSE,TRUE,0,0,2,0,4,TRUE,x,,90,v,,Great defense against smaller bots,,,,,,,,,,,,
3939,87,BK,3939,87,b2,middle,FALSE,TRUE,2,0,0,6,0,TRUE,2,15,0,x,0,Fast cargo cycle and shooting,,,,,,,,,,,,
1629,87,Cm,1629,87,b3,right,FALSE,TRUE,1,1,0,10,0,FALSE,3,40,0,x,,undefined,,,,,,,,,,,,
401,88,GC,401,88,r1,right,FALSE,TRUE,1,0,0,13,0,FALSE,2,30,,x,0,Broke in match,,,,,,,,,,,,
7770,88,BN,7770,88,r2,middle,FALSE,TRUE,0,1,0,0,0,FALSE,4,35,0,x,0,Intake or something with the shooter messed up so they did not shoot for all of teleop,,,,,,,,,,,,
8726,88,IB,8726,88,r3,left,FALSE,TRUE,1,0,0,3,0,FALSE,x,,0,x,0,undefined,,,,,,,,,,,,
686,88,ATH,686,88,b1,undefined,FALSE,TRUE,0,0,0,0,0,FALSE,2,25,100,n,0,Intake broke,,,,,,,,,,,,
620,88,BK,620,88,b2,right,FALSE,TRUE,1,0,0,6,2,TRUE,3,12,20,a,0,Great shooter and climber,,,,,,,,,,,,
888,88,Cm,888,88,b3,middle,FALSE,TRUE,1,0,0,3,8,FALSE,x,,0,x,0,undefined,,,,,,,,,,,,
2377,89,GC,2377,89,r1,right,FALSE,TRUE,2,0,0,4,0,FALSE,f,10,,x,0,Slow and bad driver,,,,,,,,,,,,
5549,89,BN,5549,89,r2,undefined,FALSE,TRUE,1,1,0,3,0,FALSE,f,8,0,x,0,undefined,,,,,,,,,,,,
116,89,IB,116,89,r3,middle,FALSE,TRUE,1,0,0,8,0,FALSE,4,26,0,x,0,undefined,,,,,,,,,,,,
7429,89,ATH,7429,89,b1,middle,FALSE,TRUE,1,1,0,3,0,FALSE,2,20,,x,0,Not the best,,,,,,,,,,,,
4099,89,BK,4099,89,b2,right,FALSE,TRUE,2,0,0,6,0,TRUE,4,30,20,v,0,Extremely fast climber and excellent shooter,,,,,,,,,,,,
1086,89,Cm,1086,89,b3,left,FALSE,TRUE,1,1,0,6,0,FALSE,1,20,33,a,0,undefined,,,,,,,,,,,,
2186,90,GC,2186,90,r1,middle,FALSE,TRUE,0,1,0,5,2,FALSE,f,5,,x,0,Slow cycle,,,,,,,,,,,,
4286,90,BN,4286,90,r2,undefined,FALSE,TRUE,0,0,0,0,8,FALSE,2,10,0,x,0,Can only get cargo in lower hub,,,,,,,,,,,,
8622,90,IB,8622,90,r3,right,FALSE,TRUE,0,0,0,0,0,FALSE,f,,95,a,0,Their intake was broken.,,,,,,,,,,,,
1727,90,ATH,1727,90,b1,left,FALSE,TRUE,1,1,0,8,0,FALSE,f,30,0,x,0,Kinda slow not the best driver,,,,,,,,,,,,
2068,90,BK,2068,90,b2,right,FALSE,TRUE,1,0,0,6,0,FALSE,x,,0,x,0,Good aim with shooter,,,,,,,,,,,,
6326,90,Cm,6326,90,b3,middle,FALSE,TRUE,1,0,0,0,0,TRUE,2,30,50,x,0,The drive chose to get into shoving matches with other bots,,,,,,,,,,,,
5804,91,BN,5804,91,r1,right,FALSE,TRUE,2,0,0,10,0,FALSE,3,30,0,x,0,"Very accurate shooter, good climber",,,,,,,,,,,,
4638,91,TR,4638,91,r2,undefined,FALSE,TRUE,2,0,0,6,0,FALSE,4,47,0,x,0,"Driver seemed unconfident, movement very staggered. Climber efficient but slowish",,,,,,,,,,,,
1895,91,GS,1895,91,r3,middle,FALSE,TRUE,1,0,0,1,0,FALSE,1,5,30,a,0,Intake wasn’t locked and moved when the robot tried to intake balls. Robot struggled to pick up cargo.,,,,,,,,,,,,
623,91,BK,623,91,b1,left,FALSE,TRUE,1,0,0,10,0,TRUE,4,30,0,x,0,Excellent driving and climbing,,,,,,,,,,,,
1610,91,DD,1610,91,b2,middle,FALSE,TRUE,1,0,0,10,0,TRUE,1,7,0,x,0,"Very good shooter and driver, intake is not bad because it is rigid",,,,,,,,,,,,
4541,91,Cm,4541,91,b3,right,FALSE,TRUE,2,0,0,3,0,FALSE,4,33,0,x,0,undefined,,,,,,,,,,,,
384,92,BN,384,92,r1,right,FALSE,TRUE,3,0,0,10,0,TRUE,1,10,0,x,0,"Very accurate shooter, was able to still make goals even while being defended. Not a strong climber, only made low rung at last few seconds",,,,,,,,,,,,
4242,92,TR,4242,92,r2,undefined,FALSE,TRUE,1,0,0,1,2,TRUE,3,32,5,a,0,Bot didn’t seem to be going at full speed until halfway though. Took too long to line up shot.,,,,,,,,,,,,
5338,92,GS,5338,92,r3,middle,FALSE,TRUE,0,0,1,0,5,FALSE,3,60,,x,0,Robot was slow and driver wasn’t skilled. Shooting was 100% accurate into lower hub.,,,,,,,,,,,,
422,92,BK,422,92,b1,middle,FALSE,FALSE,2,0,0,10,0,FALSE,4,25,0,x,0,"All around, a very strong bot",,,,,,,,,,,,
6802,92,DD,6802,92,b2,left,FALSE,TRUE,0,2,0,0,2,FALSE,f,null,70,x,0,"Shooting and climb probably broke, but they are good at defense. They tip a lot though",,,,,,,,,,,,
5724,92,Cm,5724,92,b3,right,FALSE,TRUE,2,0,0,9,0,FALSE,3,15,0,x,0,undefined,,,,,,,,,,,,
122,93,BN,122,93,r1,right,FALSE,TRUE,2,0,0,9,0,FALSE,x,null,0,x,0,"Accurate shooter, helped 6194 when they got stuck on low rung",,,,,,,,,,,,
6194,93,TR,6194,93,r2,undefined,FALSE,TRUE,1,0,0,0,0,FALSE,f,16,0,x,40,"Feeder had issues, got stuck on climber, 122 had to push them out.",,,,,,,,,,,,
2914,93,GS,2914,93,r3,left,FALSE,TRUE,1,1,0,6,0,FALSE,1,10,,x,30,Shooting was consistent but slow. Robot disconnected for part of the match.,,,,,,,,,,,,
4472,93,BK,4472,93,b1,left,FALSE,TRUE,2,0,0,7,0,FALSE,x,20,0,x,0,Climber malfunctioned at the end of the match. Great shooter,,,,,,,,,,,,
1262,93,DD,1262,93,b2,middle,FALSE,TRUE,0,0,0,14,0,FALSE,x,,10,a,0,"VERY accurate and intake is a brick, cannot be broken",,,,,,,,,,,,
836,93,Cm,836,93,b3,right,FALSE,TRUE,3,1,0,13,0,FALSE,3,45,0,x,0,It missed like 5 shots but this bot will win!,,,,,,,,,,,,
3748,94,BN,3748,94,r1,right,FALSE,TRUE,0,0,1,0,0,FALSE,x,null,90,a,0,"Got a blue cargo in it's intake and played defense for the rest of teleop, extremely top heavy",,,,,,,,,,,,
1885,94,HS,1885,94,r2,undefined,FALSE,TRUE,1,0,0,11,0,TRUE,4,30,0,x,0,"Jittery driving, shouldn't be ranked as high as they are",,,,,,,,,,,,
3939,94,GS,3939,94,r3,middle,FALSE,TRUE,2,0,0,2,0,FALSE,x,,,x,50,Robot disconnected multiple times during the match and wasn’t able to climb.,,,,,,,,,,,,
614,94,BK,614,94,b1,right,FALSE,TRUE,2,0,0,1,6,FALSE,3,10,20,a,0,"Fairly slow shooter, but very fast climber",,,,,,,,,,,,
1629,94,DD,1629,94,b2,left,FALSE,TRUE,1,0,0,2,0,TRUE,3,25,50,v,0,"Actually good defense, also decent shots but the bot got defensively overloaded",,,,,,,,,,,,
6504,94,Cm,6504,94,b3,middle,FALSE,TRUE,0,0,0,0,6,FALSE,f,7,50,n,0,The driver seemed like they couldn't decided between offense or defense and they end up hurting thier teams on defense,,,,,,,,,,,,
8726,95,BN,8726,95,r1,middle,FALSE,TRUE,1,1,0,4,0,FALSE,f,5,0,x,0,Not a very accurate shooter,,,,,,,,,,,,
3136,95,TR,3136,95,r2,undefined,FALSE,TRUE,1,1,0,8,0,FALSE,f,2,0,x,0,Robot seemed to be moving weirdly. Shooter pretty average.,,,,,,,,,,,,
888,95,GS,888,95,r3,right,FALSE,TRUE,2,0,0,0,8,FALSE,f,30,,x,,Robot was quick at scoring. Fell when trying to reach traversal.,,,,,,,,,,,,
1123,95,BK,1123,95,b1,middle,FALSE,TRUE,0,0,0,0,10,FALSE,1,10,,x,0,"Good strategy with cargo, but uses lower cargo port",,,,,,,,,,,,
1111,95,DD,1111,95,b2,left,FALSE,TRUE,2,0,0,9,0,FALSE,x,,,x,25,"75% accurate and smooth drive, but died in the middle of match",,,,,,,,,,,,
5587,95,Cm,5587,95,b3,right,FALSE,TRUE,3,1,0,5,0,FALSE,4,35,,x,0,If it had more accuracy it would be a great bot,,,,,,,,,,,,
401,96,BN,401,96,r1,middle,FALSE,TRUE,2,0,0,8,0,FALSE,2,38,0,x,0,"Missed some shots to the left during Teleop, turret wires ripped out again during hanger phase",,,,,,,,,,,,
2363,96,TR,2363,96,r2,right,FALSE,TRUE,4,1,0,14,1,TRUE,2,5,5,a,0,Shooter amazing. No real issues I observed other than being easily defended,,,,,,,,,,,,
1719,96,GS,1719,96,r3,left,FALSE,FALSE,0,0,1,0,2,FALSE,1,5,60,x,,Played defense for most of the match. Was consistent with shots into the lower hub.,,,,,,,,,,,,
7429,96,BK,7429,96,b1,middle,FALSE,TRUE,0,0,0,7,0,FALSE,2,20,0,x,0,Good cargo cycle and decent climber,,,,,,,,,,,,
2377,96,DD,2377,96,b2,left,FALSE,TRUE,1,0,0,7,0,FALSE,2,5,0,x,,"Slow, but accurate shots",,,,,,,,,,,,
8592,96,Cm,8592,96,b3,middle,FALSE,TRUE,2,0,0,3,0,FALSE,f,10,0,x,0,Bot seemed to have a drive train problem,,,,,,,,,,,,
2186,97,BN,2186,97,r1,middle,FALSE,TRUE,1,0,0,3,0,FALSE,2,8,0,x,0,"Inaccurate shooter, average climber",,,,,,,,,,,,
686,97,TR,686,97,r2,right,FALSE,TRUE,0,0,3,0,7,TRUE,4,40,0,a,0,Not a fan of the shooter only working for bottom basket. Great climber.,,,,,,,,,,,,
2068,97,GS,2068,97,r3,left,FALSE,TRUE,2,0,0,7,0,FALSE,x,,30,a,,"Shooting was consistent, making about 60% of shots.",,,,,,,,,,,,
620,97,BK,620,97,b1,left,FALSE,TRUE,1,0,0,0,0,FALSE,4,60,20,a,0,Intake and shooter had frequent issues,,,,,,,,,,,,
116,97,DD,116,97,b2,middle,FALSE,TRUE,1,0,0,6,0,FALSE,4,30,0,x,0,"Accurate, also wickedly fast climb",,,,,,,,,,,,
612,97,Cm,612,97,b3,right,FALSE,TRUE,0,0,1,0,3,TRUE,f,15,0,x,0,Can only carry 1 ball not very good,,,,,,,,,,,,
1908,98,BN,1908,98,r1,right,FALSE,TRUE,2,0,0,8,1,FALSE,2,5,0,x,0,"Pretty accurate shooter, a lot of cargo bounced back out of the hub, can only barely climb mid rung",,,,,,,,,,,,
4286,98,TR,4286,98,r2,left,FALSE,TRUE,0,0,1,0,6,TRUE,2,20,0,a,0,Only shot low baskets,,,,,,,,,,,,
6326,98,GS,6326,98,r3,middle,FALSE,TRUE,1,0,0,0,0,FALSE,2,,100,v,,Defended for the entire match. Made multiple robots miss their shots,,,,,,,,,,,,
2421,98,BK,2421,98,b1,left,FALSE,TRUE,0,1,0,3,0,FALSE,4,35,0,x,0,"Strong climber, decent shooter",,,,,,,,,,,,
1599,98,DD,1599,98,b2,right,FALSE,TRUE,1,1,0,5,0,TRUE,f,40,0,x,0,Fell off climb. Decent accuracy though,,,,,,,,,,,,
1086,98,Cm,1086,98,b3,middle,FALSE,TRUE,0,2,0,5,0,FALSE,1,10,0,x,0,Racked up fouls for holding e cargos drivers dont really know the rules,,,,,,,,,,,,
2537,99,BN,2537,99,r1,middle,FALSE,TRUE,0,1,0,1,0,FALSE,2,15,0,x,0,"Inaccurate shooter, has intake/shooter",,,,,,,,,,,,
1727,99,TR,1727,99,r2,left,FALSE,TRUE,0,1,0,6,0,TRUE,3,30,,x,0,Feeder seemed to malfunction throughout,,,,,,,,,,,,
8230,99,GS,8230,99,r3,right,FALSE,FALSE,0,0,0,0,0,FALSE,f,10,100,a,,Played defense for the whole match. Didn’t cause any missed shots but kept other bots from shooting.,,,,,,,,,,,,
2199,99,BK,2199,99,b1,right,FALSE,TRUE,0,2,0,1,0,TRUE,4,30,15,a,0,"Very topheavy, subpar shooter, strong climber",,,,,,,,,,,,
1731,99,DD,1731,99,b2,middle,FALSE,TRUE,1,1,0,8,0,TRUE,4,15,0,x,0,Double intake,,,,,,,,,,,,
4099,99,Cm,4099,99,b3,left,FALSE,TRUE,1,1,0,13,0,FALSE,f,5,0,x,0,Bot could be stoped with a good defense bot,,,,,,,,,,,,
8622,100,BN,8622,100,r1,undefined,FALSE,TRUE,0,1,0,1,0,FALSE,x,null,0,x,0,Disconnected during teleop,,,,,,,,,,,,
7770,100,TR,7770,100,r2,middle,FALSE,TRUE,0,0,1,0,1,TRUE,3,19,0,x,60,Kept losing connection and not being able to drive but only turn,,,,,,,,,,,,
449,100,GS,449,100,r3,right,FALSE,TRUE,0,0,3,10,0,FALSE,x,,,x,30,100% accuracy during teleop. Robot fell over around 30 seconds left and wasn’t able to climb.,,,,,,,,,,,,
4821,100,BK,4821,100,b1,right,FALSE,TRUE,1,0,0,4,0,FALSE,2,19,0,x,0,"Fairly good shooter, great driving",,,,,,,,,,,,
3274,100,,,,,,,,,,,,,,,,,,,,,,,,,,,,,,,
5549,100,Cm,5549,100,r3,left,FALSE,TRUE,0,2,0,2,0,FALSE,2,30,0,x,0,Very very slow bot,,,,,,,,,,,,
6194,101,BN,6194,101,r1,undefined,FALSE,TRUE,0,1,0,0,0,FALSE,x,null,0,x,0,Was pushed over on its side by alliance member during teleop. Extremely top heavy,,,,,,,,,,,,
614,101,TR,614,101,r2,right,FALSE,TRUE,1,1,0,1,4,TRUE,2,30,10,v,,"Good shooter, versatile. Autonomous leaned right.",,,,,,,,,,,,
422,101,GS,422,101,r3,middle,FALSE,TRUE,4,0,0,10,0,FALSE,3,20,,x,,Made about 90% of shots.,,,,,,,,,,,,
1629,101,BK,1629,101,b1,right,FALSE,TRUE,2,0,0,4,0,TRUE,4,25,,x,0,Excellent climber,,,,,,,,,,,,
4638,101,DD,4638,101,b2,left,FALSE,TRUE,2,0,0,1,0,TRUE,2,36,0,x,0,High shooter,,,,,,,,,,,,
5724,101,Cm,5724,101,r3,middle,FALSE,TRUE,2,0,0,5,0,FALSE,1,5,0,x,0,Not a vad vot but not a great one ethier,,,,,,,,,,,,
836,102,BN,836,102,r1,right,FALSE,TRUE,4,0,0,8,1,FALSE,f,34,0,x,0,"Very accurate shooting, really good autonomous. Fell trying to go from mid bar to high bar",,,,,,,,,,,,
3748,102,TR,3748,102,r2,middle,FALSE,FALSE,0,0,1,0,2,TRUE,f,null,40,a,0,Robot didn’t seem to be moving correctly. Had to resort to defense,,,,,,,,,,,,
2914,102,GS,2914,102,r3,left,FALSE,TRUE,2,0,0,0,0,FALSE,2,30,70,n,,Tried playing defense but wasn’t very effective,,,,,,,,,,,,
4541,102,BK,4541,102,b1,middle,FALSE,TRUE,1,0,0,3,0,FALSE,f,8,0,x,0,Pretty good shooter,,,,,,,,,,,,
1885,102,DD,1885,102,b2,left,FALSE,TRUE,2,0,0,7,0,TRUE,4,30,0,x,0,Speedy climb and almost 100% accurate,,,,,,,,,,,,
5587,102,Cm,5587,102,b3,right,FALSE,TRUE,4,1,0,4,0,TRUE,4,30,0,x,0,Was defend but the bot has potential,,,,,,,,,,,,
8592,103,BN,8592,103,r1,undefined,FALSE,TRUE,1,0,0,5,0,FALSE,x,23,0,x,0,"Accurate shooter, got penalty for extending beyond allowed height during teleop",,,,,,,,,,,,
1111,103,TR,1111,103,r2,right,FALSE,TRUE,2,0,0,11,0,TRUE,1,306,0,x,0,"Shooter good, but got pushed around really easily",,,,,,,,,,,,
6504,103,GS,6504,103,r3,middle,FALSE,TRUE,0,0,1,0,10,FALSE,2,15,,x,,Consistent shots into lower hub.,,,,,,,,,,,,
384,103,BK,384,103,b1,right,FALSE,TRUE,3,0,0,2,0,FALSE,2,10,90,v,0,Strong defence bot,,,,,,,,,,,,
6802,103,DD,6802,103,b2,middle,FALSE,TRUE,0,1,0,4,0,FALSE,f,5,10,a,0,Ran into an alliance member and broke a piece of plastic off,,,,,,,,,,,,
2377,103,Cm,2377,103,b3,left,FALSE,TRUE,2,0,0,2,0,FALSE,2,30,0,x,0,Driver needs trainimg,,,,,,,,,,,,
1719,104,BN,1719,104,r1,middle,FALSE,FALSE,0,0,1,0,5,FALSE,x,null,0,x,0,"Only shot in lower hub, did not attempt to climb",,,,,,,,,,,,
4242,104,TR,4242,104,r2,left,FALSE,TRUE,0,2,0,2,0,FALSE,3,30,50,v,20,"Robot not moving correctly, but excellent defense",,,,,,,,,,,,
5804,104,GS,5804,104,r3,right,FALSE,TRUE,1,1,0,6,0,FALSE,4,20,20,v,,"Driving was very skilled, and shooting was consistent. Also played defense  when other robots were shooting.",,,,,,,,,,,,
4472,104,BK,4472,104,b1,right,FALSE,TRUE,1,0,0,10,0,FALSE,3,20,,x,0,"Very good shooting, driving, and climbing",,,,,,,,,,,,
116,104,DD,116,104,b2,middle,FALSE,TRUE,0,1,0,4,0,TRUE,4,30,,x,0,Accurate,,,,,,,,,,,,
2068,104,Cm,2068,104,b3,left,FALSE,TRUE,1,1,0,4,1,FALSE,x,,0,x,0,Terrible accuracy,,,,,,,,,,,,
1086,105,HS,1086,105,r1,middle,FALSE,TRUE,1,1,0,7,0,FALSE,2,5,5,n,0,"Good speed, ineffective shooting",,,,,,,,,,,,
1262,105,TR,1262,105,r2,right,FALSE,TRUE,3,0,0,10,0,TRUE,x,,,x,,Pretty good stability and shooting. Don’t have too many negative things to say,,,,,,,,,,,,
3136,105,GS,3136,105,r3,left,FALSE,TRUE,2,0,0,7,0,FALSE,2,10,,x,,Consistent shooting but small intake.,,,,,,,,,,,,
2363,105,BK,2363,105,b1,right,FALSE,TRUE,5,0,0,9,0,FALSE,2,3,20,v,0,Amazing driving and defense,,,,,,,,,,,,
1610,105,DD,1610,105,b2,middle,FALSE,TRUE,1,0,0,6,0,TRUE,f,,0,x,0,,,,,,,,,,,,,
620,105,Cm,620,105,b3,left,FALSE,TRUE,1,1,0,7,0,FALSE,4,35,0,x,0,It's a good bot,,,,,,,,,,,,
4099,106,HS,4099,106,r1,right,FALSE,TRUE,4,1,0,9,2,FALSE,2,15,0,x,0,"Overall efficient, has to go to hub to shoot",,,,,,,,,,,,
5338,106,TR,5338,106,r2,left,FALSE,TRUE,0,0,1,0,7,TRUE,4,,0,x,0,Started climbing far too early. Over 1 minute left.,,,,,,,,,,,,
4286,106,GS,4286,106,r3,middle,FALSE,TRUE,0,0,1,0,5,FALSE,f,20,,x,,Intake was very small and the driving was slow,,,,,,,,,,,,
8726,106,BK,8726,106,b1,left,FALSE,TRUE,0,2,0,6,0,FALSE,x,,,x,0,Nice shooting and driving,,,,,,,,,,,,
1895,106,DD,1895,106,b2,right,FALSE,TRUE,1,1,0,3,0,FALSE,f,15,0,x,0,Accurate but balls bounce out,,,,,,,,,,,,
1731,106,Cm,1731,106,b3,middle,FALSE,TRUE,1,1,0,8,0,FALSE,4,20,0,x,0,Really good team just needs better accuracy,,,,,,,,,,,,
2421,107,HS,2421,107,r1,undefined,FALSE,TRUE,1,1,0,1,2,FALSE,4,30,0,x,0,Kept missing,,,,,,,,,,,,
888,107,TR,888,107,r2,middle,FALSE,TRUE,1,2,0,0,7,TRUE,4,35,20,v,0,Defense pretty good. Only shot bottom basket but made almost all of them,,,,,,,,,,,,
1908,107,GS,1908,107,r3,right,FALSE,TRUE,0,2,0,5,1,TRUE,x,,,x,,Robot was slow at the beginning but began driving and shooting more consistent near the end.,,,,,,,,,,,,
5549,107,,,,,,,,,,,,,,,,,,,,,,,,,,,,,,,
7770,107,DD,7770,107,b2,middle,FALSE,TRUE,0,0,0,0,1,FALSE,3,38,0,x,0,"Only shoots low, still inaccurate",,,,,,,,,,,,
623,107,Cm,623,107,b3,left,FALSE,TRUE,2,0,0,10,0,FALSE,4,35,0,x,0,This bot has a decent shooter but a slow climb,,,,,,,,,,,,
1123,108,HS,1123,108,r1,undefined,FALSE,TRUE,0,0,2,0,7,FALSE,1,25,0,x,0,Scores in lower hub consistently,,,,,,,,,,,,
1599,108,TR,1599,108,r2,middle,FALSE,TRUE,1,1,0,0,1,FALSE,3,56,0,x,0,Seemed to not have a good connection and couldn’t really control their robot.,,,,,,,,,,,,
8230,108,GS,8230,108,r3,right,FALSE,TRUE,2,0,0,3,1,FALSE,f,5,5,a,,Robot made about 50% of shots. Also played defense and kept a robot from scoring.,,,,,,,,,,,,
4821,108,BK,4821,108,b1,undefined,FALSE,TRUE,1,0,0,2,0,FALSE,2,7,0,x,0,Issues with accuracy,,,,,,,,,,,,
8622,108,DD,8622,108,b2,right,FALSE,TRUE,0,0,0,0,0,FALSE,x,,0,x,95,Died,,,,,,,,,,,,
2199,108,Cm,2199,108,b3,middle,FALSE,TRUE,1,1,0,6,0,FALSE,4,35,0,x,0,Like every other bot better accuracy,,,,,,,,,,,,
686,109,HS,686,109,r1,right,FALSE,TRUE,0,0,3,0,3,FALSE,4,55,20,v,0,"Intake/shooter broke, top heavy when carrying balls",,,,,,,,,,,,
122,109,TR,122,109,r2,left,FALSE,TRUE,2,0,0,2,0,TRUE,f,5,5,a,0,"Shooter not very accurate, was pushed around a lot",,,,,,,,,,,,
1727,109,GS,1727,109,r3,middle,FALSE,TRUE,1,0,0,4,1,FALSE,2,10,,x,,Skilled driving but inconsistent shooting,,,,,,,,,,,,
3939,109,BK,3939,109,b1,middle,FALSE,TRUE,0,2,0,2,0,TRUE,2,33,0,x,50,Robot randomly stopped working several times,,,,,,,,,,,,
6326,109,DD,6326,109,b2,right,FALSE,TRUE,0,1,0,1,0,TRUE,f,3,0,x,,Just drove around mostly because it was being defended,,,,,,,,,,,,
7429,109,Cm,7429,109,b3,left,FALSE,TRUE,0,2,0,6,0,FALSE,2,30,0,x,0,It was painful to watch they shoot bounces out and over and over,,,,,,,,,,,,
3274,110,HS,3274,110,r1,undefined,FALSE,TRUE,2,0,0,0,0,FALSE,f,40,100,v,0,Amazing defense,,,,,,,,,,,,
2537,110,TR,2537,110,r2,middle,FALSE,TRUE,0,1,0,5,0,FALSE,f,15,,x,0,Shooting for Bert throughout game. Autonomous phase not successful.,,,,,,,,,,,,
401,110,GS,401,110,r3,right,FALSE,TRUE,5,0,0,11,0,FALSE,2,50,,x,,Shooting was very consistent and fast.,,,,,,,,,,,,
612,110,BK,612,110,b1,left,FALSE,TRUE,0,0,1,0,0,FALSE,f,50,0,x,70,Robot stopped working for most of the match,,,,,,,,,,,,
449,110,DD,449,110,b2,right,FALSE,TRUE,0,0,0,3,0,TRUE,4,32,0,x,0,,,,,,,,,,,,,
2186,110,Cm,2186,110,b3,middle,FALSE,TRUE,0,1,0,3,0,FALSE,2,30,0,x,0,Slow bot and has intake problem,,,,,,,,,,,,
6194,111,HS,6194,111,r1,middle,FALSE,TRUE,1,0,0,0,0,FALSE,2,10,60,a,0,Extremely aggressive and top heavy,,,,,,,,,,,,
4638,111,TR,4638,111,r2,left,FALSE,TRUE,0,1,0,3,1,TRUE,3,30,0,x,0,"Got pushed around a lot by other robots, couldn’t line itself up properly.",,,,,,,,,,,,
384,111,GS,384,111,r3,right,FALSE,TRUE,3,0,0,10,0,FALSE,1,5,,x,,Shooting was consistent and driving was very good,,,,,,,,,,,,
4242,111,BK,4242,111,b1,middle,FALSE,TRUE,1,0,0,2,0,FALSE,f,5,20,a,20,Robot had some issues with shooter as well as driving,,,,,,,,,,,,
1885,111,DD,1885,111,b2,left,FALSE,TRUE,2,0,0,7,0,TRUE,4,15,0,x,0,"Better accuracy in auto, I blame the driver =(",,,,,,,,,,,,
1111,111,Cm,1111,111,b3,right,FALSE,TRUE,2,0,0,12,0,FALSE,x,,0,x,0,It's a good bot,,,,,,,,,,,,
3748,112,HS,3748,112,r1,middle,FALSE,TRUE,0,0,2,0,0,FALSE,2,20,90,n,0,Ineffective at defense and that's all that it does,,,,,,,,,,,,
1086,112,TR,1086,112,r2,right,FALSE,TRUE,0,2,0,12,0,FALSE,2,5,0,x,0,Long distance shooting is really accurate. Fast climbing,,,,,,,,,,,,
4541,112,GS,4541,112,r3,left,FALSE,TRUE,2,0,0,4,0,FALSE,4,35,,x,,"Shooting was accurate, but driving was average",,,,,,,,,,,,
422,112,BK,422,112,b1,middle,FALSE,TRUE,2,0,0,8,0,TRUE,3,25,,x,,Some issues with climber and intake,,,,,,,,,,,,
1719,112,DD,1719,112,b2,right,FALSE,TRUE,0,0,0,0,4,FALSE,2,10,0,x,0,Wasted a lot of time,,,,,,,,,,,,
3136,112,Cm,3136,112,b3,left,FALSE,TRUE,1,1,0,8,0,FALSE,1,20,0,x,0,Not alot of maneuverability,,,,,,,,,,,,
5587,113,HS,5587,113,r1,right,FALSE,TRUE,0,2,0,2,0,FALSE,4,35,50,a,0,Lack of driver/coach experience,,,,,,,,,,,,
620,113,TR,620,113,r2,middle,FALSE,TRUE,1,0,0,1,0,TRUE,4,30,0,x,0,Shooter wasn’t working properly. Ball shot out without prompt.,,,,,,,,,,,,
6802,113,GS,6802,113,r3,left,FALSE,TRUE,1,1,0,0,2,FALSE,2,15,,x,,Shooting was very inconsistent.,,,,,,,,,,,,
1731,113,BK,1731,113,b1,right,FALSE,TRUE,4,0,0,0,0,FALSE,4,19,0,x,0,More inaccurate than usual. Great climber,,,,,,,,,,,,
614,113,DD,614,113,b2,left,FALSE,TRUE,0,2,0,6,1,FALSE,3,null,0,x,0,,,,,,,,,,,,,
4286,113,Cm,4286,113,b3,middle,FALSE,TRUE,0,0,1,0,4,FALSE,f,20,0,x,0,Bot looked like something was wrong with it,,,,,,,,,,,,
2068,114,HS,2068,114,r1,right,FALSE,TRUE,1,0,0,2,0,FALSE,x,null,90,a,0,Defended against Triple Helix,,,,,,,,,,,,
2421,114,TR,2421,114,r2,left,FALSE,TRUE,2,0,0,3,0,FALSE,4,null,30,v,0,Defense was very good. Had trouble finding cargo,,,,,,,,,,,,
623,114,GS,623,114,r3,middle,FALSE,TRUE,2,0,0,6,0,FALSE,4,20,,x,,"Intake and shooting were consistent, and climbing was quick.",,,,,,,,,,,,
2363,114,BK,2363,114,b1,right,FALSE,TRUE,3,1,0,10,0,TRUE,2,10,0,x,0,Very fast and accurate,,,,,,,,,,,,
8592,114,DD,8592,114,b2,middle,FALSE,TRUE,1,0,0,4,0,FALSE,2,15,0,x,0,"Very accurate, but not enough shots",,,,,,,,,,,,
1629,114,Cm,1629,114,b3,left,FALSE,TRUE,1,1,0,7,0,TRUE,f,30,0,x,0,Has to go yp to goal to shoot,,,,,,,,,,,,
2914,115,HS,2914,115,r1,undefined,FALSE,TRUE,2,0,0,3,0,FALSE,2,5,0,x,0,Takes a while to aim,,,,,,,,,,,,
8230,115,TR,8230,115,r2,right,FALSE,TRUE,2,0,0,9,0,FALSE,f,9,0,x,0,Shot poorly at the beginning. Fixed later.,,,,,,,,,,,,
8622,115,GS,8622,115,r3,middle,FALSE,TRUE,1,0,0,3,0,FALSE,f,60,,x,,"Shooting was inconsistent, and climbing didn’t work properly",,,,,,,,,,,,
888,115,BK,888,115,b1,middle,FALSE,TRUE,0,2,0,1,2,FALSE,3,50,0,x,0,"Fairly good shooting, climbing, and driving",,,,,,,,,,,,
5804,115,DD,5804,115,b2,right,FALSE,FALSE,2,0,0,9,0,FALSE,3,30,0,x,0,"Very accurate, drifts like on ice",,,,,,,,,,,,
2377,115,Cm,2377,115,b3,left,FALSE,TRUE,2,0,0,6,0,FALSE,x,,0,x,0,I think this bot wouldn't be a terrible pick if everything else is gone,,,,,,,,,,,,
1895,116,HS,1895,116,r1,undefined,FALSE,TRUE,2,0,0,9,1,FALSE,1,10,0,x,0,Pretty efficient,,,,,,,,,,,,
836,116,TR,836,116,r2,right,FALSE,FALSE,3,1,0,7,0,TRUE,3,30,0,x,0,"Great feeder, great auto session, good climbing, did not go traversal",,,,,,,,,,,,
686,116,GS,686,116,r3,middle,FALSE,TRUE,0,0,1,0,7,FALSE,4,45,,x,,Shooting was consistent and quick.,,,,,,,,,,,,
1599,116,BK,1599,116,b1,middle,FALSE,TRUE,0,1,0,2,0,FALSE,4,37,0,x,0,Accuracy was not as good as usual. Climbing was amazing,,,,,,,,,,,,
1262,116,DD,1262,116,b2,right,FALSE,TRUE,1,0,0,13,0,FALSE,x,,0,x,0,Got progressively better through the match,,,,,,,,,,,,
5549,116,Cm,5549,116,b3,left,FALSE,TRUE,1,1,0,0,0,FALSE,f,30,60,a,0,Got thier climber stuck on the traversal bot,,,,,,,,,,,,
1610,117,HS,1610,117,r1,middle,FALSE,TRUE,1,0,0,6,2,FALSE,2,10,33,n,0,undefined,,,,,,,,,,,,
449,117,TR,449,117,r2,left,FALSE,TRUE,0,2,0,9,0,FALSE,4,35,0,x,0,Great shooter.,,,,,,,,,,,,
401,117,GS,401,117,r3,right,FALSE,TRUE,4,1,0,7,0,FALSE,3,60,,x,,Nice,,,,,,,,,,,,
1908,117,BK,1908,117,b1,right,FALSE,TRUE,0,0,0,3,1,FALSE,2,25,0,x,0,,,,,,,,,,,,,
1123,117,DD,1123,117,b2,right,FALSE,TRUE,0,0,2,0,8,FALSE,1,7,0,x,0,,,,,,,,,,,,,
1727,117,Cm,1727,117,b3,middle,FALSE,TRUE,0,1,0,3,0,FALSE,4,40,,x,0,Slow ball cycles,,,,,,,,,,,,
7770,118,,,,,,,,,,,,,,,,,,,,,,,,,,,,,,,
612,118,TR,612,118,r2,right,FALSE,TRUE,0,0,1,0,3,FALSE,4,34,0,x,0,Cool idea for a feeder but not realistic. It’s inefficient,,,,,,,,,,,,
3274,118,GS,3274,118,r3,left,FALSE,FALSE,0,0,0,0,5,TRUE,x,,,x,,Shooter was very inconsistent and didn’t shoot in autonomous,,,,,,,,,,,,
2199,118,BK,2199,118,b1,middle,FALSE,TRUE,1,0,0,5,0,FALSE,4,30,0,x,0,"Excellent climbing as usual, very topheavy",,,,,,,,,,,,
8726,118,DD,8726,118,b2,left,FALSE,FALSE,1,0,0,3,0,FALSE,2,15,0,x,0,Slow shooter,,,,,,,,,,,,
6326,118,Cm,6326,118,b3,right,FALSE,TRUE,1,0,0,3,0,FALSE,x,,60,v,0,It has an area in its chassis where it catches conners and can control them,,,,,,,,,,,,
5724,119,HS,5724,119,r1,undefined,FALSE,TRUE,2,0,0,10,0,FALSE,1,15,0,x,0,Pretty efficient,,,,,,,,,,,,
4472,119,TR,4472,119,r2,middle,FALSE,TRUE,3,0,0,4,0,FALSE,2,30,0,x,0,Had trouble on the hanger,,,,,,,,,,,,
6504,119,GS,6504,119,r3,right,FALSE,TRUE,0,0,0,0,7,FALSE,3,60,,x,,Shooter missed in autonomous but was consistent in teleop,,,,,,,,,,,,
4099,119,BK,4099,119,b1,right,FALSE,TRUE,4,0,0,12,0,FALSE,3,20,0,x,0,Excellent driving and shooting. Issues with climbing this round,,,,,,,,,,,,
116,119,DD,116,119,b2,left,FALSE,TRUE,1,0,0,2,0,FALSE,f,30,0,x,0,Fell,,,,,,,,,,,,
2537,119,Cm,2537,119,b3,middle,FALSE,TRUE,0,1,0,3,0,FALSE,f,30,,x,0,"Bad intake, bad shooter,",,,,,,,,,,,,
4821,120,HS,4821,120,r1,undefined,FALSE,TRUE,1,0,0,10,0,FALSE,2,15,0,x,0,Looks top heavy,,,,,,,,,,,,
7429,120,TR,7429,120,r2,right,FALSE,TRUE,1,0,0,5,0,TRUE,f,null,0,x,0,Cargo kept bouncing out. Happened about 6 times. Fell off hanger last second,,,,,,,,,,,,
122,120,GS,122,120,r3,middle,FALSE,TRUE,1,1,0,3,0,FALSE,f,10,,x,,"Shooting had a lot of backspin, and most of them fell back out.",,,,,,,,,,,,
5338,120,BK,5338,120,b1,right,FALSE,TRUE,0,0,2,0,5,FALSE,4,65,0,x,0,Great climbing and pretty good shooting,,,,,,,,,,,,
2186,120,DD,2186,120,b2,left,FALSE,TRUE,1,0,0,1,0,FALSE,2,15,0,x,0,Inaccurate,,,,,,,,,,,,
3939,120,Cm,3939,120,b3,middle,FALSE,TRUE,0,2,0,1,0,FALSE,2,40,20,a,20,Bot needs to fix its shooting algorithm,,,,,,,,,,,,
